{
  "experiment_id": "Q1_kernel_3x3_fd9e8fc4",
  "experiment_name": "Q1_kernel_3x3",
  "timestamp": "2025-12-08T21:35:36.765559",
  "config": {
    "whiten": {
      "kernel_size": 3
    }
  },
  "full_hyp": {
    "opt": {
      "train_epochs": 9.9,
      "batch_size": 1024,
      "lr": 11.5,
      "momentum": 0.85,
      "weight_decay": 0.0153,
      "bias_scaler": 64.0,
      "label_smoothing": 0.2,
      "whiten_bias_epochs": 3
    },
    "aug": {
      "flip": true,
      "translate": 2
    },
    "net": {
      "widths": {
        "block1": 64,
        "block2": 256,
        "block3": 256
      },
      "batchnorm_momentum": 0.6,
      "scaling_factor": 0.1111111111111111,
      "tta_level": 2
    },
    "alpha_schedule": {
      "coef": 0.95,
      "coef_exp": 5,
      "step_exp": 3
    },
    "whiten": {
      "kernel_size": 3,
      "width_multiplier": 2,
      "eps": 0.0005,
      "trainable_after_epoch": null,
      "trainable_lr_mult": 0.01
    }
  },
  "num_runs": 50,
  "stats": {
    "accuracy": {
      "mean": 0.939568042755127,
      "std": 0.001316058449447155,
      "min": 0.9368999600410461,
      "max": 0.9419999718666077,
      "median": 0.9394999742507935
    },
    "time": {
      "mean": 5.132673740386963,
      "std": 0.22285866737365723,
      "min": 5.063267230987549,
      "max": 6.657691955566406,
      "median": 5.077785968780518
    }
  },
  "all_accuracies": [
    0.9398999810218811,
    0.939799964427948,
    0.9386000037193298,
    0.9404000043869019,
    0.9408999681472778,
    0.9414999485015869,
    0.9375,
    0.9400999546051025,
    0.94159996509552,
    0.939799964427948,
    0.9383999705314636,
    0.9393999576568604,
    0.9412999749183655,
    0.9390999674797058,
    0.9387999773025513,
    0.9396999478340149,
    0.9406999945640564,
    0.9375999569892883,
    0.939300000667572,
    0.9404000043869019,
    0.9411999583244324,
    0.9405999779701233,
    0.9387999773025513,
    0.9368999600410461,
    0.9404999613761902,
    0.9377999901771545,
    0.9377999901771545,
    0.9409999847412109,
    0.9384999871253967,
    0.9406999945640564,
    0.9380999803543091,
    0.9384999871253967,
    0.939300000667572,
    0.939300000667572,
    0.9416999816894531,
    0.9391999840736389,
    0.9399999976158142,
    0.9386999607086182,
    0.9395999908447266,
    0.9401999711990356,
    0.9375999569892883,
    0.9394999742507935,
    0.9419999718666077,
    0.9384999871253967,
    0.9409999847412109,
    0.9386000037193298,
    0.9413999915122986,
    0.9408999681472778,
    0.9381999969482422,
    0.9375
  ],
  "all_times": [
    6.657691749572752,
    5.069223345279694,
    5.141300839662552,
    5.148397123575211,
    5.142010691642761,
    5.066610081672669,
    5.067054711341858,
    5.147339174747467,
    5.139127209424973,
    5.07576823067665,
    5.141254272460938,
    5.0713079781532295,
    5.151077220916747,
    5.147036575317383,
    5.076820181846619,
    5.1404821958541875,
    5.135771026611328,
    5.072368211269379,
    5.148850416421891,
    5.134744595766068,
    5.079529384374618,
    5.13894982790947,
    5.137943667173386,
    5.0732303955554965,
    5.153241127490999,
    5.071196128368378,
    5.138919918298721,
    5.072397676944733,
    5.072617988348007,
    5.067741172075271,
    5.07298434305191,
    5.0708370714187625,
    5.077045838356019,
    5.078705236673355,
    5.078981712102891,
    5.077351063013077,
    5.138440574645996,
    5.063267466545105,
    5.070863899469375,
    5.070700161457062,
    5.144433319091797,
    5.0659154403209685,
    5.139458272933961,
    5.081761844396592,
    5.068258698940277,
    5.158788131713867,
    5.077607296705247,
    5.070150435686111,
    5.0777857980728145,
    5.070339447736741
  ],
  "all_results": "see results.pt",
  "hardware": {
    "gpu": "NVIDIA A100 80GB PCIe",
    "gpu_count": 1,
    "cuda_version": "12.8",
    "torch_version": "2.8.0+cu128",
    "hostname": "0b87a77aeea9",
    "runpod_instance": "y2q458j0ba3yfs"
  },
  "git": {
    "commit_hash": "00503f3592cee3ce32585b68ab2182b96fc687d5",
    "dirty": true
  },
  "seeds": [
    42,
    43,
    44,
    45,
    46,
    47,
    48,
    49,
    50,
    51,
    52,
    53,
    54,
    55,
    56,
    57,
    58,
    59,
    60,
    61,
    62,
    63,
    64,
    65,
    66,
    67,
    68,
    69,
    70,
    71,
    72,
    73,
    74,
    75,
    76,
    77,
    78,
    79,
    80,
    81,
    82,
    83,
    84,
    85,
    86,
    87,
    88,
    89,
    90,
    91
  ]
}