{
  "experiment_id": "Q3_eps_5e-5_ac234b9d",
  "experiment_name": "Q3_eps_5e-5",
  "timestamp": "2025-12-08T21:53:06.332860",
  "config": {
    "whiten": {
      "eps": 5e-05
    }
  },
  "full_hyp": {
    "opt": {
      "train_epochs": 9.9,
      "batch_size": 1024,
      "lr": 11.5,
      "momentum": 0.85,
      "weight_decay": 0.0153,
      "bias_scaler": 64.0,
      "label_smoothing": 0.2,
      "whiten_bias_epochs": 3
    },
    "aug": {
      "flip": true,
      "translate": 2
    },
    "net": {
      "widths": {
        "block1": 64,
        "block2": 256,
        "block3": 256
      },
      "batchnorm_momentum": 0.6,
      "scaling_factor": 0.1111111111111111,
      "tta_level": 2
    },
    "alpha_schedule": {
      "coef": 0.95,
      "coef_exp": 5,
      "step_exp": 3
    },
    "whiten": {
      "kernel_size": 2,
      "width_multiplier": 2,
      "eps": 5e-05,
      "trainable_after_epoch": null,
      "trainable_lr_mult": 0.01
    }
  },
  "num_runs": 50,
  "stats": {
    "accuracy": {
      "mean": 0.9399339556694031,
      "std": 0.0012987650698050857,
      "min": 0.9373999834060669,
      "max": 0.943399965763092,
      "median": 0.939799964427948
    },
    "time": {
      "mean": 4.058279037475586,
      "std": 0.020641664043068886,
      "min": 4.042019367218018,
      "max": 4.127894401550293,
      "median": 4.048689365386963
    }
  },
  "all_accuracies": [
    0.9420999884605408,
    0.9401999711990356,
    0.9393999576568604,
    0.9393999576568604,
    0.9396999478340149,
    0.9399999976158142,
    0.9389999508857727,
    0.9383999705314636,
    0.9396999478340149,
    0.9401999711990356,
    0.9389999508857727,
    0.941100001335144,
    0.9391999840736389,
    0.9396999478340149,
    0.9412999749183655,
    0.9386000037193298,
    0.939799964427948,
    0.943399965763092,
    0.9400999546051025,
    0.9417999982833862,
    0.9419999718666077,
    0.9402999877929688,
    0.94159996509552,
    0.9390999674797058,
    0.9386999607086182,
    0.9382999539375305,
    0.9384999871253967,
    0.9402999877929688,
    0.9409999847412109,
    0.9422000050544739,
    0.9406999945640564,
    0.9404999613761902,
    0.9398999810218811,
    0.939799964427948,
    0.9378999471664429,
    0.9375999569892883,
    0.939799964427948,
    0.939300000667572,
    0.9409999847412109,
    0.9387999773025513,
    0.9399999976158142,
    0.9405999779701233,
    0.9408999681472778,
    0.9404000043869019,
    0.9381999969482422,
    0.939300000667572,
    0.941100001335144,
    0.9412999749183655,
    0.9373999834060669,
    0.9380999803543091
  ],
  "all_times": [
    4.127894409179688,
    4.052895766973496,
    4.051635782957077,
    4.049178192615509,
    4.046141673088074,
    4.044553735256196,
    4.049759389162063,
    4.048689243078232,
    4.042841275453568,
    4.051181700706482,
    4.046804499387741,
    4.04293926358223,
    4.042019323348999,
    4.044999117612839,
    4.0511340711116794,
    4.044732246160507,
    4.05132331109047,
    4.047639940977097,
    4.043910231351853,
    4.0436470963954925,
    4.044237727165222,
    4.043849183559418,
    4.065988319396973,
    4.0747329654693605,
    4.092044170379639,
    4.089605776309967,
    4.088251576423645,
    4.044677962660789,
    4.095865295410156,
    4.044527125835419,
    4.049928597688675,
    4.048151226997375,
    4.04794285440445,
    4.051863954782486,
    4.0439342103004465,
    4.045682196617127,
    4.0553469514846805,
    4.044751788377762,
    4.050152238368988,
    4.084264801502228,
    4.0865332260131835,
    4.044515572547913,
    4.047757015228272,
    4.07702714920044,
    4.048287207245827,
    4.089241703033448,
    4.0831737736463545,
    4.112464221954347,
    4.049906030654908,
    4.045314767122268
  ],
  "all_results": "see results.pt",
  "hardware": {
    "gpu": "NVIDIA A100 80GB PCIe",
    "gpu_count": 1,
    "cuda_version": "12.8",
    "torch_version": "2.8.0+cu128",
    "hostname": "0b87a77aeea9",
    "runpod_instance": "y2q458j0ba3yfs"
  },
  "git": {
    "commit_hash": "00503f3592cee3ce32585b68ab2182b96fc687d5",
    "dirty": true
  },
  "seeds": [
    42,
    43,
    44,
    45,
    46,
    47,
    48,
    49,
    50,
    51,
    52,
    53,
    54,
    55,
    56,
    57,
    58,
    59,
    60,
    61,
    62,
    63,
    64,
    65,
    66,
    67,
    68,
    69,
    70,
    71,
    72,
    73,
    74,
    75,
    76,
    77,
    78,
    79,
    80,
    81,
    82,
    83,
    84,
    85,
    86,
    87,
    88,
    89,
    90,
    91
  ]
}