{
  "experiment_id": "Q4_trainable_epoch3_lr0.1_9f810397",
  "experiment_name": "Q4_trainable_epoch3_lr0.1",
  "timestamp": "2025-12-07T20:29:52.381561",
  "config": {
    "whiten": {
      "trainable_after_epoch": 3,
      "trainable_lr_mult": 0.1
    }
  },
  "full_hyp": {
    "opt": {
      "train_epochs": 9.9,
      "batch_size": 1024,
      "lr": 11.5,
      "momentum": 0.85,
      "weight_decay": 0.0153,
      "bias_scaler": 64.0,
      "label_smoothing": 0.2,
      "whiten_bias_epochs": 3
    },
    "aug": {
      "flip": true,
      "translate": 2
    },
    "net": {
      "widths": {
        "block1": 64,
        "block2": 256,
        "block3": 256
      },
      "batchnorm_momentum": 0.6,
      "scaling_factor": 0.1111111111111111,
      "tta_level": 2
    },
    "whiten": {
      "kernel_size": 2,
      "width_multiplier": 2,
      "eps": 0.0005,
      "trainable_after_epoch": 3,
      "trainable_lr_mult": 0.1
    }
  },
  "num_runs": 50,
  "stats": {
    "accuracy": {
      "mean": 0.9308760166168213,
      "std": 0.005925197619944811,
      "min": 0.8986999988555908,
      "max": 0.9368000030517578,
      "median": 0.9320999979972839
    },
    "time": {
      "mean": 4.335172653198242,
      "std": 0.03263912349939346,
      "min": 4.2574872970581055,
      "max": 4.360647678375244,
      "median": 4.3470001220703125
    }
  },
  "all_accuracies": [
    0.9332999587059021,
    0.9296999573707581,
    0.9281999468803406,
    0.9318999648094177,
    0.9264000058174133,
    0.9325999617576599,
    0.9327999949455261,
    0.9310999512672424,
    0.9232999682426453,
    0.9343999624252319,
    0.9304999709129333,
    0.9341999888420105,
    0.9343000054359436,
    0.9340999722480774,
    0.9368000030517578,
    0.9286999702453613,
    0.9368000030517578,
    0.9332000017166138,
    0.9350000023841858,
    0.9271000027656555,
    0.9311999678611755,
    0.9296999573707581,
    0.9347999691963196,
    0.9315999746322632,
    0.9334999918937683,
    0.9316999912261963,
    0.9275999665260315,
    0.9339999556541443,
    0.930899977684021,
    0.9325000047683716,
    0.927899956703186,
    0.9304999709129333,
    0.9323999881744385,
    0.9154999852180481,
    0.9314000010490417,
    0.9319999814033508,
    0.9320999979972839,
    0.9323999881744385,
    0.936199963092804,
    0.9350999593734741,
    0.9258999824523926,
    0.933899998664856,
    0.9325999617576599,
    0.9334999918937683,
    0.9307999610900879,
    0.8986999988555908,
    0.9296000003814697,
    0.9328999519348145,
    0.9321999549865723,
    0.9362999796867371
  ],
  "all_times": [
    4.3563010363578805,
    4.353387383937835,
    4.350895225286483,
    4.347911261558533,
    4.351816497802734,
    4.346480416297912,
    4.262469776391983,
    4.352283904790879,
    4.349030291318894,
    4.262009255647659,
    4.345968721151352,
    4.352037261962891,
    4.3450980794429785,
    4.345873008489608,
    4.351308488607407,
    4.3521575775146495,
    4.349993818998337,
    4.351526515007019,
    4.261521630764007,
    4.3470001475811,
    4.357541221618653,
    4.350701362133027,
    4.356131008148193,
    4.360647796630859,
    4.356013475656509,
    4.265739410400391,
    4.357785461425781,
    4.3523896033763885,
    4.356598264217377,
    4.346418629169464,
    4.263371238708497,
    4.346283525705338,
    4.344573778390884,
    4.349715757369996,
    4.352592076778412,
    4.259918925762176,
    4.263729870080948,
    4.350973416090012,
    4.3491135609149945,
    4.3444808967113495,
    4.348076378583908,
    4.344271572351455,
    4.2574870610237125,
    4.3359840028285985,
    4.3398636739254,
    4.341434900045395,
    4.343049364089965,
    4.341054166078568,
    4.340647759914399,
    4.346956557512283
  ],
  "all_results": "see results.pt",
  "hardware": {
    "gpu": "NVIDIA A100 80GB PCIe",
    "cuda_version": "12.8",
    "torch_version": "2.8.0+cu128"
  }
}