{
  "experiment_id": "Q4_trainable_epoch5_c438d10f",
  "experiment_name": "Q4_trainable_epoch5",
  "timestamp": "2025-12-07T20:24:48.333361",
  "config": {
    "whiten": {
      "trainable_after_epoch": 5,
      "trainable_lr_mult": 0.01
    }
  },
  "full_hyp": {
    "opt": {
      "train_epochs": 9.9,
      "batch_size": 1024,
      "lr": 11.5,
      "momentum": 0.85,
      "weight_decay": 0.0153,
      "bias_scaler": 64.0,
      "label_smoothing": 0.2,
      "whiten_bias_epochs": 3
    },
    "aug": {
      "flip": true,
      "translate": 2
    },
    "net": {
      "widths": {
        "block1": 64,
        "block2": 256,
        "block3": 256
      },
      "batchnorm_momentum": 0.6,
      "scaling_factor": 0.1111111111111111,
      "tta_level": 2
    },
    "whiten": {
      "kernel_size": 2,
      "width_multiplier": 2,
      "eps": 0.0005,
      "trainable_after_epoch": 5,
      "trainable_lr_mult": 0.01
    }
  },
  "num_runs": 50,
  "stats": {
    "accuracy": {
      "mean": 0.9364740252494812,
      "std": 0.0012967513175681233,
      "min": 0.9336999654769897,
      "max": 0.9394999742507935,
      "median": 0.9362999796867371
    },
    "time": {
      "mean": 4.277158737182617,
      "std": 0.03307775408029556,
      "min": 4.19180154800415,
      "max": 4.364908218383789,
      "median": 4.283410549163818
    }
  },
  "all_accuracies": [
    0.9372999668121338,
    0.9380999803543091,
    0.9352999925613403,
    0.9364999532699585,
    0.9365999698638916,
    0.9377999901771545,
    0.9347999691963196,
    0.9350000023841858,
    0.9365999698638916,
    0.935699999332428,
    0.9376999735832214,
    0.9386000037193298,
    0.9368999600410461,
    0.9368999600410461,
    0.9362999796867371,
    0.9350999593734741,
    0.9353999495506287,
    0.9380999803543091,
    0.9357999563217163,
    0.9346999526023865,
    0.9365999698638916,
    0.9363999962806702,
    0.9368000030517578,
    0.9394999742507935,
    0.935699999332428,
    0.9368999600410461,
    0.9357999563217163,
    0.9369999766349792,
    0.9354999661445618,
    0.9372999668121338,
    0.937999963760376,
    0.935699999332428,
    0.9347999691963196,
    0.9358999729156494,
    0.9336999654769897,
    0.9362999796867371,
    0.9346999526023865,
    0.9383999705314636,
    0.9357999563217163,
    0.9361000061035156,
    0.9362999796867371,
    0.9359999895095825,
    0.9341999888420105,
    0.9361000061035156,
    0.9358999729156494,
    0.9368000030517578,
    0.9362999796867371,
    0.9386000037193298,
    0.9391999840736389,
    0.9381999969482422
  ],
  "all_times": [
    4.198573289394378,
    4.278573586702347,
    4.285940574645997,
    4.286379823207856,
    4.284337074279785,
    4.283230129957199,
    4.199986466884614,
    4.354994483947754,
    4.203083381652832,
    4.281664306640625,
    4.200103683233261,
    4.279310575962066,
    4.2818597424030305,
    4.288602192163467,
    4.285549604415894,
    4.364908218383789,
    4.199374536752701,
    4.281128331422806,
    4.283410628080368,
    4.289123100280762,
    4.289042400121689,
    4.28033319401741,
    4.283602836608887,
    4.281964013576507,
    4.284712296962738,
    4.286635057926178,
    4.292783805847168,
    4.28724870300293,
    4.2829562602043145,
    4.1918016798496245,
    4.27607132768631,
    4.289126083374024,
    4.283468182086944,
    4.284264458179474,
    4.275811381578445,
    4.292843394994736,
    4.283249435186386,
    4.290810752868652,
    4.283123726844788,
    4.284789508581162,
    4.279113981962204,
    4.280040307283401,
    4.290371690034867,
    4.284668398618697,
    4.282152982711792,
    4.287023211479187,
    4.291367881774902,
    4.277742056369782,
    4.2821968438625335,
    4.288485588073731
  ],
  "all_results": "see results.pt",
  "hardware": {
    "gpu": "NVIDIA A100 80GB PCIe",
    "cuda_version": "12.8",
    "torch_version": "2.8.0+cu128"
  }
}