{
  "experiment_id": "Q4_trainable_epoch3_380c03ea",
  "experiment_name": "Q4_trainable_epoch3",
  "timestamp": "2025-12-07T20:19:38.759454",
  "config": {
    "whiten": {
      "trainable_after_epoch": 3,
      "trainable_lr_mult": 0.01
    }
  },
  "full_hyp": {
    "opt": {
      "train_epochs": 9.9,
      "batch_size": 1024,
      "lr": 11.5,
      "momentum": 0.85,
      "weight_decay": 0.0153,
      "bias_scaler": 64.0,
      "label_smoothing": 0.2,
      "whiten_bias_epochs": 3
    },
    "aug": {
      "flip": true,
      "translate": 2
    },
    "net": {
      "widths": {
        "block1": 64,
        "block2": 256,
        "block3": 256
      },
      "batchnorm_momentum": 0.6,
      "scaling_factor": 0.1111111111111111,
      "tta_level": 2
    },
    "whiten": {
      "kernel_size": 2,
      "width_multiplier": 2,
      "eps": 0.0005,
      "trainable_after_epoch": 3,
      "trainable_lr_mult": 0.01
    }
  },
  "num_runs": 50,
  "stats": {
    "accuracy": {
      "mean": 0.9325859546661377,
      "std": 0.0035433212760835886,
      "min": 0.9221999645233154,
      "max": 0.9380999803543091,
      "median": 0.9330999851226807
    },
    "time": {
      "mean": 4.337449550628662,
      "std": 0.03191804885864258,
      "min": 4.261132717132568,
      "max": 4.3598408699035645,
      "median": 4.348580837249756
    }
  },
  "all_accuracies": [
    0.9368000030517578,
    0.9332999587059021,
    0.9221999645233154,
    0.9375999569892883,
    0.9336999654769897,
    0.9301999807357788,
    0.9377999901771545,
    0.9316999912261963,
    0.9335999488830566,
    0.9337999820709229,
    0.9314999580383301,
    0.9267999529838562,
    0.9296999573707581,
    0.9317999482154846,
    0.9330999851226807,
    0.9276999831199646,
    0.9352999925613403,
    0.9293999671936035,
    0.9361000061035156,
    0.9314999580383301,
    0.936199963092804,
    0.9319999814033508,
    0.9271000027656555,
    0.9361000061035156,
    0.9303999543190002,
    0.9380999803543091,
    0.9345999956130981,
    0.9321999549865723,
    0.9259999990463257,
    0.9301999807357788,
    0.9264000058174133,
    0.9359999895095825,
    0.9319999814033508,
    0.9343000054359436,
    0.9332999587059021,
    0.937999963760376,
    0.9300999641418457,
    0.933899998664856,
    0.9347999691963196,
    0.930899977684021,
    0.9362999796867371,
    0.9330999851226807,
    0.9332999587059021,
    0.9363999962806702,
    0.9281999468803406,
    0.9354999661445618,
    0.9307000041007996,
    0.9346999526023865,
    0.9355999827384949,
    0.9292999505996704
  ],
  "all_times": [
    4.2648836739063265,
    4.359840950012207,
    4.356396157026292,
    4.351446687459946,
    4.348402340888977,
    4.352726266145707,
    4.351051114082336,
    4.349349210977554,
    4.349282644748688,
    4.356121826171875,
    4.350877410650254,
    4.348541471004486,
    4.347988098621369,
    4.344948486804962,
    4.349702035665512,
    4.346080055236816,
    4.352406933307647,
    4.2808742146492005,
    4.354602830171585,
    4.3572645797729495,
    4.265456415176391,
    4.357440277576447,
    4.353777524232865,
    4.353202822685242,
    4.348573937416077,
    4.358478157043457,
    4.343933452367782,
    4.346124723196029,
    4.348580903291702,
    4.353944218158722,
    4.265861160039902,
    4.354504789590836,
    4.26217692732811,
    4.344971674203872,
    4.351576750516891,
    4.346911688566207,
    4.353338026285171,
    4.262686738729476,
    4.341771047830582,
    4.347728827714921,
    4.355776901006699,
    4.356036880493164,
    4.347033144950866,
    4.348199440002442,
    4.358200500488281,
    4.263774424791336,
    4.261132778406142,
    4.346957794666291,
    4.354929642438889,
    4.346614708423615
  ],
  "all_results": "see results.pt",
  "hardware": {
    "gpu": "NVIDIA A100 80GB PCIe",
    "cuda_version": "12.8",
    "torch_version": "2.8.0+cu128"
  }
}