{
  "experiment_id": "Q1_kernel_4x4_b79e5a96",
  "experiment_name": "Q1_kernel_4x4",
  "timestamp": "2025-12-08T21:40:22.548721",
  "config": {
    "whiten": {
      "kernel_size": 4
    }
  },
  "full_hyp": {
    "opt": {
      "train_epochs": 9.9,
      "batch_size": 1024,
      "lr": 11.5,
      "momentum": 0.85,
      "weight_decay": 0.0153,
      "bias_scaler": 64.0,
      "label_smoothing": 0.2,
      "whiten_bias_epochs": 3
    },
    "aug": {
      "flip": true,
      "translate": 2
    },
    "net": {
      "widths": {
        "block1": 64,
        "block2": 256,
        "block3": 256
      },
      "batchnorm_momentum": 0.6,
      "scaling_factor": 0.1111111111111111,
      "tta_level": 2
    },
    "alpha_schedule": {
      "coef": 0.95,
      "coef_exp": 5,
      "step_exp": 3
    },
    "whiten": {
      "kernel_size": 4,
      "width_multiplier": 2,
      "eps": 0.0005,
      "trainable_after_epoch": null,
      "trainable_lr_mult": 0.01
    }
  },
  "num_runs": 50,
  "stats": {
    "accuracy": {
      "mean": 0.9371618628501892,
      "std": 0.0012948738876730204,
      "min": 0.9346999526023865,
      "max": 0.9395999908447266,
      "median": 0.9370999932289124
    },
    "time": {
      "mean": 5.04149055480957,
      "std": 0.5726062059402466,
      "min": 4.925402641296387,
      "max": 9.004988670349121,
      "median": 4.964365482330322
    }
  },
  "all_accuracies": [
    0.9357999563217163,
    0.936199963092804,
    0.9361000061035156,
    0.9370999932289124,
    0.9357999563217163,
    0.9384999871253967,
    0.9372999668121338,
    0.9384999871253967,
    0.9357999563217163,
    0.9368999600410461,
    0.936199963092804,
    0.9377999901771545,
    0.9377999901771545,
    0.9375999569892883,
    0.9389999508857727,
    0.9395999908447266,
    0.936199963092804,
    0.935699999332428,
    0.9376999735832214,
    0.9394999742507935,
    0.9375,
    0.9386999607086182,
    0.9372999668121338,
    0.9381999969482422,
    0.9346999526023865,
    0.9348999857902527,
    0.9364999532699585,
    0.9357999563217163,
    0.935699999332428,
    0.9391999840736389,
    0.9350999593734741,
    0.9372999668121338,
    0.9386000037193298,
    0.9381999969482422,
    0.9375,
    0.9363999962806702,
    0.9352999925613403,
    0.9346999526023865,
    0.9370999932289124,
    0.9391999840736389,
    0.9369999766349792,
    0.9382999539375305,
    0.9370999932289124,
    0.9378999471664429,
    0.9368000030517578,
    0.9368000030517578,
    0.937999963760376,
    0.9366999864578247,
    0.9386000037193298,
    0.9378999471664429
  ],
  "all_times": [
    9.004988672256472,
    4.951621181488036,
    5.002621459960937,
    4.946560391902924,
    4.93035245847702,
    4.925547328948975,
    4.97577227783203,
    4.9762230758667,
    4.934953365802765,
    4.9616398468017575,
    4.973029598236084,
    4.928196349143982,
    4.925402620792389,
    4.964365531921387,
    4.998062860965729,
    4.938992323875427,
    4.932773722648621,
    4.934613666057587,
    4.9339274358749385,
    4.9314350948333745,
    4.932265643119812,
    4.983988819122314,
    4.9850777206420895,
    4.993603797912598,
    4.9945522308349615,
    4.929997980594635,
    4.981834499359131,
    4.982541130065919,
    4.992349220275879,
    4.988201587677002,
    4.983690517425537,
    4.995359703063966,
    4.979983028411866,
    4.98544808959961,
    4.991706748962404,
    4.989380279541016,
    4.929545488357544,
    4.983530891418457,
    4.990894382476807,
    4.982938480377198,
    4.991609130859375,
    4.98161544418335,
    4.926580725669861,
    4.930451092720032,
    4.929320397853851,
    4.935839331150055,
    4.929632884979248,
    4.932144166469574,
    4.9353614153862,
    4.934011849403382
  ],
  "all_results": "see results.pt",
  "hardware": {
    "gpu": "NVIDIA A100 80GB PCIe",
    "gpu_count": 1,
    "cuda_version": "12.8",
    "torch_version": "2.8.0+cu128",
    "hostname": "0b87a77aeea9",
    "runpod_instance": "y2q458j0ba3yfs"
  },
  "git": {
    "commit_hash": "00503f3592cee3ce32585b68ab2182b96fc687d5",
    "dirty": true
  },
  "seeds": [
    42,
    43,
    44,
    45,
    46,
    47,
    48,
    49,
    50,
    51,
    52,
    53,
    54,
    55,
    56,
    57,
    58,
    59,
    60,
    61,
    62,
    63,
    64,
    65,
    66,
    67,
    68,
    69,
    70,
    71,
    72,
    73,
    74,
    75,
    76,
    77,
    78,
    79,
    80,
    81,
    82,
    83,
    84,
    85,
    86,
    87,
    88,
    89,
    90,
    91
  ]
}