{
  "experiment_id": "Q4_trainable_epoch3_3808c57c",
  "experiment_name": "Q4_trainable_epoch3",
  "timestamp": "2025-12-08T22:12:02.657989",
  "config": {
    "whiten": {
      "trainable_after_epoch": 3,
      "trainable_lr_mult": 0.01
    }
  },
  "full_hyp": {
    "opt": {
      "train_epochs": 9.9,
      "batch_size": 1024,
      "lr": 11.5,
      "momentum": 0.85,
      "weight_decay": 0.0153,
      "bias_scaler": 64.0,
      "label_smoothing": 0.2,
      "whiten_bias_epochs": 3
    },
    "aug": {
      "flip": true,
      "translate": 2
    },
    "net": {
      "widths": {
        "block1": 64,
        "block2": 256,
        "block3": 256
      },
      "batchnorm_momentum": 0.6,
      "scaling_factor": 0.1111111111111111,
      "tta_level": 2
    },
    "alpha_schedule": {
      "coef": 0.95,
      "coef_exp": 5,
      "step_exp": 3
    },
    "whiten": {
      "kernel_size": 2,
      "width_multiplier": 2,
      "eps": 0.0005,
      "trainable_after_epoch": 3,
      "trainable_lr_mult": 0.01
    }
  },
  "num_runs": 50,
  "stats": {
    "accuracy": {
      "mean": 0.9311740398406982,
      "std": 0.013230747543275356,
      "min": 0.8430999517440796,
      "max": 0.9384999871253967,
      "median": 0.9336999654769897
    },
    "time": {
      "mean": 4.288332462310791,
      "std": 0.018703438341617584,
      "min": 4.278182506561279,
      "max": 4.365848064422607,
      "median": 4.282671928405762
    }
  },
  "all_accuracies": [
    0.9284999966621399,
    0.9361000061035156,
    0.9280999898910522,
    0.9325000047683716,
    0.9371999502182007,
    0.9320999979972839,
    0.9336999654769897,
    0.936199963092804,
    0.9359999895095825,
    0.9332000017166138,
    0.933899998664856,
    0.9368000030517578,
    0.9370999932289124,
    0.9318999648094177,
    0.9354999661445618,
    0.9336999654769897,
    0.9335999488830566,
    0.9343000054359436,
    0.9368000030517578,
    0.9336999654769897,
    0.933899998664856,
    0.9384999871253967,
    0.9322999715805054,
    0.9343999624252319,
    0.927299976348877,
    0.927899956703186,
    0.9336999654769897,
    0.9350999593734741,
    0.9303999543190002,
    0.9357999563217163,
    0.9337999820709229,
    0.9337999820709229,
    0.9352999925613403,
    0.9304999709129333,
    0.9353999495506287,
    0.9334999918937683,
    0.9223999977111816,
    0.9336999654769897,
    0.9284999966621399,
    0.9316999912261963,
    0.9335999488830566,
    0.9318999648094177,
    0.9365999698638916,
    0.9335999488830566,
    0.9300999641418457,
    0.9345999956130981,
    0.9181999564170837,
    0.9335999488830566,
    0.8430999517440796,
    0.9345999956130981
  ],
  "all_times": [
    4.278182370901108,
    4.27864550280571,
    4.280566189050674,
    4.278699455976486,
    4.279890969514847,
    4.278241012096405,
    4.279793873548507,
    4.281735904455185,
    4.350509751558303,
    4.286583647966384,
    4.280286995172501,
    4.280491501569748,
    4.287916689634324,
    4.288777356386185,
    4.360800700426101,
    4.287012917280197,
    4.301586108446122,
    4.28371474814415,
    4.291097173690796,
    4.283206724643707,
    4.2794338672161105,
    4.2809936609268195,
    4.286211926698685,
    4.2796729054451,
    4.279876025438309,
    4.27979150891304,
    4.280791432380678,
    4.28305316209793,
    4.2850938775539404,
    4.282639146327972,
    4.28479597401619,
    4.284525992155076,
    4.28840428686142,
    4.28050915145874,
    4.281511924266815,
    4.282671975851059,
    4.290188576698304,
    4.290496220827103,
    4.2822338786125185,
    4.282506725549698,
    4.283144242286682,
    4.283220232248306,
    4.281751553297044,
    4.2938800544738775,
    4.278483858346939,
    4.285440923452378,
    4.2897943089008335,
    4.3658480529785155,
    4.290229233026505,
    4.281689279556275
  ],
  "all_results": "see results.pt",
  "hardware": {
    "gpu": "NVIDIA A100 80GB PCIe",
    "gpu_count": 1,
    "cuda_version": "12.8",
    "torch_version": "2.8.0+cu128",
    "hostname": "0b87a77aeea9",
    "runpod_instance": "y2q458j0ba3yfs"
  },
  "git": {
    "commit_hash": "00503f3592cee3ce32585b68ab2182b96fc687d5",
    "dirty": true
  },
  "seeds": [
    42,
    43,
    44,
    45,
    46,
    47,
    48,
    49,
    50,
    51,
    52,
    53,
    54,
    55,
    56,
    57,
    58,
    59,
    60,
    61,
    62,
    63,
    64,
    65,
    66,
    67,
    68,
    69,
    70,
    71,
    72,
    73,
    74,
    75,
    76,
    77,
    78,
    79,
    80,
    81,
    82,
    83,
    84,
    85,
    86,
    87,
    88,
    89,
    90,
    91
  ]
}