{
  "experiment_id": "Q1_kernel_4x4_c3820586",
  "experiment_name": "Q1_kernel_4x4",
  "timestamp": "2025-12-07T18:50:12.390478",
  "config": {
    "whiten": {
      "kernel_size": 4
    }
  },
  "full_hyp": {
    "opt": {
      "train_epochs": 9.9,
      "batch_size": 1024,
      "lr": 11.5,
      "momentum": 0.85,
      "weight_decay": 0.0153,
      "bias_scaler": 64.0,
      "label_smoothing": 0.2,
      "whiten_bias_epochs": 3
    },
    "aug": {
      "flip": true,
      "translate": 2
    },
    "net": {
      "widths": {
        "block1": 64,
        "block2": 256,
        "block3": 256
      },
      "batchnorm_momentum": 0.6,
      "scaling_factor": 0.1111111111111111,
      "tta_level": 2
    },
    "whiten": {
      "kernel_size": 4,
      "width_multiplier": 2,
      "eps": 0.0005,
      "trainable_after_epoch": null,
      "trainable_lr_mult": 0.01
    }
  },
  "num_runs": 50,
  "stats": {
    "accuracy": {
      "mean": 0.9372918605804443,
      "std": 0.0016552760498598218,
      "min": 0.9337999820709229,
      "max": 0.9406999945640564,
      "median": 0.9375999569892883
    },
    "time": {
      "mean": 5.108508110046387,
      "std": 0.7166948318481445,
      "min": 4.924894332885742,
      "max": 10.071514129638672,
      "median": 5.015239715576172
    }
  },
  "all_accuracies": [
    0.9354999661445618,
    0.9350999593734741,
    0.9375999569892883,
    0.9370999932289124,
    0.9371999502182007,
    0.9358999729156494,
    0.9378999471664429,
    0.9375999569892883,
    0.9404000043869019,
    0.9351999759674072,
    0.9345999956130981,
    0.9375999569892883,
    0.937999963760376,
    0.9377999901771545,
    0.9378999471664429,
    0.9368999600410461,
    0.9368000030517578,
    0.9387999773025513,
    0.9366999864578247,
    0.9387999773025513,
    0.9345999956130981,
    0.9341999888420105,
    0.9386000037193298,
    0.9383999705314636,
    0.937999963760376,
    0.936199963092804,
    0.9337999820709229,
    0.9361000061035156,
    0.9362999796867371,
    0.9395999908447266,
    0.9357999563217163,
    0.9377999901771545,
    0.9406999945640564,
    0.936199963092804,
    0.9380999803543091,
    0.9393999576568604,
    0.9350999593734741,
    0.9357999563217163,
    0.9394999742507935,
    0.9375999569892883,
    0.9375999569892883,
    0.9386000037193298,
    0.9393999576568604,
    0.9384999871253967,
    0.939300000667572,
    0.9368000030517578,
    0.9354999661445618,
    0.9394999742507935,
    0.9380999803543091,
    0.9361000061035156
  ],
  "all_times": [
    10.07151410675049,
    4.925861100673675,
    5.010694183349609,
    5.003656080245972,
    5.0164811782836916,
    5.014076477050782,
    4.932294421195984,
    5.026974212646484,
    5.018476501464844,
    5.021975524902344,
    5.020835906982422,
    4.93411714887619,
    5.019165870666504,
    5.019119682312012,
    5.012098065376281,
    5.016262756347657,
    5.012227821350098,
    5.0144292221069335,
    5.018023590087891,
    5.01523966217041,
    5.009720066070558,
    5.010853514671325,
    5.015076535224915,
    5.016642390251159,
    5.022751823425292,
    5.018776130676271,
    5.022235694885254,
    5.012283171176911,
    5.019071510314941,
    5.0178652162551876,
    5.018988220214845,
    4.930067337036132,
    5.020772781372071,
    5.018839492797852,
    5.007618867874146,
    5.014801753520966,
    5.014159286499024,
    5.019834098815918,
    4.924894228935242,
    5.021661392211914,
    5.0165626072883605,
    5.0211394577026365,
    5.014434928894044,
    5.01292398071289,
    5.011889124870301,
    5.014892166137696,
    5.00381728887558,
    5.017957435607909,
    5.009119240760803,
    5.0222464981079105
  ],
  "all_results": "see results.pt",
  "hardware": {
    "gpu": "NVIDIA A100 80GB PCIe",
    "cuda_version": "12.8",
    "torch_version": "2.8.0+cu128"
  }
}