{
  "experiment_id": "J_alpha_exp5_4c5e80f4",
  "experiment_name": "J_alpha_exp5",
  "timestamp": "2025-12-08T22:35:33.400391",
  "config": {
    "lookahead": {
      "step_exp": 5
    }
  },
  "full_hyp": {
    "opt": {
      "train_epochs": 9.9,
      "batch_size": 1024,
      "lr": 11.5,
      "momentum": 0.85,
      "weight_decay": 0.0153,
      "bias_scaler": 64.0,
      "label_smoothing": 0.2,
      "whiten_bias_epochs": 3
    },
    "aug": {
      "flip": true,
      "translate": 2
    },
    "net": {
      "widths": {
        "block1": 64,
        "block2": 256,
        "block3": 256
      },
      "batchnorm_momentum": 0.6,
      "scaling_factor": 0.1111111111111111,
      "tta_level": 2
    },
    "alpha_schedule": {
      "coef": 0.95,
      "coef_exp": 5,
      "step_exp": 3
    },
    "whiten": {
      "kernel_size": 2,
      "width_multiplier": 2,
      "eps": 0.0005,
      "trainable_after_epoch": null,
      "trainable_lr_mult": 0.01
    },
    "lookahead": {
      "step_exp": 5
    }
  },
  "num_runs": 50,
  "stats": {
    "accuracy": {
      "mean": 0.940123975276947,
      "std": 0.0011730942642316222,
      "min": 0.9369999766349792,
      "max": 0.9425999522209167,
      "median": 0.9400999546051025
    },
    "time": {
      "mean": 4.0673980712890625,
      "std": 0.0187320988625288,
      "min": 4.045473098754883,
      "max": 4.107423782348633,
      "median": 4.05643892288208
    }
  },
  "all_accuracies": [
    0.939300000667572,
    0.9401999711990356,
    0.941100001335144,
    0.9408999681472778,
    0.941100001335144,
    0.9389999508857727,
    0.9391999840736389,
    0.9387999773025513,
    0.9417999982833862,
    0.9389999508857727,
    0.9409999847412109,
    0.9400999546051025,
    0.9406999945640564,
    0.9422000050544739,
    0.94159996509552,
    0.9395999908447266,
    0.939300000667572,
    0.9416999816894531,
    0.9388999938964844,
    0.941100001335144,
    0.9419999718666077,
    0.939300000667572,
    0.9404000043869019,
    0.9401999711990356,
    0.9383999705314636,
    0.9398999810218811,
    0.9399999976158142,
    0.9404999613761902,
    0.9388999938964844,
    0.9425999522209167,
    0.9382999539375305,
    0.9394999742507935,
    0.9411999583244324,
    0.9393999576568604,
    0.9396999478340149,
    0.9396999478340149,
    0.9400999546051025,
    0.9388999938964844,
    0.9369999766349792,
    0.9412999749183655,
    0.9394999742507935,
    0.9411999583244324,
    0.9393999576568604,
    0.9418999552726746,
    0.9406999945640564,
    0.9401999711990356,
    0.9384999871253967,
    0.9400999546051025,
    0.941100001335144,
    0.9396999478340149
  ],
  "all_times": [
    4.054694394111634,
    4.055990719556808,
    4.07719912147522,
    4.083151747465133,
    4.055845656871796,
    4.049226075172425,
    4.05506188941002,
    4.047850984811783,
    4.069774860858918,
    4.049846159934998,
    4.0514875361919405,
    4.048128667354584,
    4.0494235470294955,
    4.04547329044342,
    4.051009576797486,
    4.0583939990997315,
    4.056326023340225,
    4.056647332429886,
    4.051113889932633,
    4.051917266845703,
    4.0745769957304,
    4.107423588633537,
    4.09087355363369,
    4.084120890378951,
    4.097982061028481,
    4.095071782350541,
    4.0542054851055145,
    4.0524421319961546,
    4.065699897766113,
    4.054906356334686,
    4.049024735212326,
    4.054152294874191,
    4.0821534025669095,
    4.0489031717777255,
    4.078154136657715,
    4.098690810680389,
    4.0992138714790345,
    4.093781410694123,
    4.094324536323548,
    4.047276572942733,
    4.083530441761017,
    4.087791643381118,
    4.087588999032974,
    4.076555710315705,
    4.098036831140519,
    4.0572004394531245,
    4.078580053567887,
    4.049797150850296,
    4.056438991308212,
    4.0528434100151065
  ],
  "all_results": "see results.pt",
  "hardware": {
    "gpu": "NVIDIA A100 80GB PCIe",
    "gpu_count": 1,
    "cuda_version": "12.8",
    "torch_version": "2.8.0+cu128",
    "hostname": "0b87a77aeea9",
    "runpod_instance": "y2q458j0ba3yfs"
  },
  "git": {
    "commit_hash": "00503f3592cee3ce32585b68ab2182b96fc687d5",
    "dirty": true
  },
  "seeds": [
    42,
    43,
    44,
    45,
    46,
    47,
    48,
    49,
    50,
    51,
    52,
    53,
    54,
    55,
    56,
    57,
    58,
    59,
    60,
    61,
    62,
    63,
    64,
    65,
    66,
    67,
    68,
    69,
    70,
    71,
    72,
    73,
    74,
    75,
    76,
    77,
    78,
    79,
    80,
    81,
    82,
    83,
    84,
    85,
    86,
    87,
    88,
    89,
    90,
    91
  ]
}