{
  "experiment_id": "Q3_eps_5e-3_97a2f3fe",
  "experiment_name": "Q3_eps_5e-3",
  "timestamp": "2025-12-07T19:41:53.222897",
  "config": {
    "whiten": {
      "eps": 0.005
    }
  },
  "full_hyp": {
    "opt": {
      "train_epochs": 9.9,
      "batch_size": 1024,
      "lr": 11.5,
      "momentum": 0.85,
      "weight_decay": 0.0153,
      "bias_scaler": 64.0,
      "label_smoothing": 0.2,
      "whiten_bias_epochs": 3
    },
    "aug": {
      "flip": true,
      "translate": 2
    },
    "net": {
      "widths": {
        "block1": 64,
        "block2": 256,
        "block3": 256
      },
      "batchnorm_momentum": 0.6,
      "scaling_factor": 0.1111111111111111,
      "tta_level": 2
    },
    "whiten": {
      "kernel_size": 2,
      "width_multiplier": 2,
      "eps": 0.005,
      "trainable_after_epoch": null,
      "trainable_lr_mult": 0.01
    }
  },
  "num_runs": 50,
  "stats": {
    "accuracy": {
      "mean": 0.940034031867981,
      "std": 0.0012539929011836648,
      "min": 0.9371999502182007,
      "max": 0.9425999522209167,
      "median": 0.9400999546051025
    },
    "time": {
      "mean": 4.117575645446777,
      "std": 0.03026747517287731,
      "min": 4.03900146484375,
      "max": 4.1412248611450195,
      "median": 4.128509521484375
    }
  },
  "all_accuracies": [
    0.9400999546051025,
    0.9384999871253967,
    0.9402999877929688,
    0.9384999871253967,
    0.941100001335144,
    0.9414999485015869,
    0.9411999583244324,
    0.9401999711990356,
    0.9395999908447266,
    0.939300000667572,
    0.9402999877929688,
    0.9404999613761902,
    0.9387999773025513,
    0.9424999952316284,
    0.9413999915122986,
    0.9396999478340149,
    0.9402999877929688,
    0.9416999816894531,
    0.9390999674797058,
    0.9412999749183655,
    0.9405999779701233,
    0.9396999478340149,
    0.9384999871253967,
    0.9401999711990356,
    0.9399999976158142,
    0.9386999607086182,
    0.9409999847412109,
    0.9376999735832214,
    0.9400999546051025,
    0.9375999569892883,
    0.9394999742507935,
    0.9386000037193298,
    0.9398999810218811,
    0.9420999884605408,
    0.9425999522209167,
    0.9406999945640564,
    0.9420999884605408,
    0.9408999681472778,
    0.9387999773025513,
    0.9401999711990356,
    0.9390999674797058,
    0.9401999711990356,
    0.9400999546051025,
    0.9371999502182007,
    0.9398999810218811,
    0.9387999773025513,
    0.9409999847412109,
    0.9412999749183655,
    0.9398999810218811,
    0.9387999773025513
  ],
  "all_times": [
    4.130500331163406,
    4.041206851005555,
    4.133680767059326,
    4.128874314069749,
    4.1320927882194525,
    4.132025499105454,
    4.128594542980194,
    4.130112075567245,
    4.042253263711929,
    4.127181050539018,
    4.128509315013885,
    4.135513488769531,
    4.126245049715042,
    4.123287711143494,
    4.124726008892059,
    4.125028279781342,
    4.129379821062088,
    4.126395887851714,
    4.128280200242997,
    4.0434452064037325,
    4.132259689331055,
    4.123283053398133,
    4.039001639842987,
    4.12495514035225,
    4.122372503519058,
    4.113354892015456,
    4.129105442523956,
    4.04952693939209,
    4.127216660261154,
    4.04392486667633,
    4.12470077753067,
    4.1215383350849155,
    4.131100065946579,
    4.050904329299927,
    4.128508970975875,
    4.128551054239273,
    4.128503476619721,
    4.128021102190018,
    4.132158167600632,
    4.132149251937866,
    4.1352552185058595,
    4.132142150878906,
    4.135012904405594,
    4.129755867242813,
    4.132496752023697,
    4.1358261239528655,
    4.137608292341232,
    4.131333250999451,
    4.139663248300553,
    4.141224922180176
  ],
  "all_results": "see results.pt",
  "hardware": {
    "gpu": "NVIDIA A100 80GB PCIe",
    "cuda_version": "12.8",
    "torch_version": "2.8.0+cu128"
  }
}