{
  "experiment_id": "Q2_width_1_2445b7a7",
  "experiment_name": "Q2_width_1",
  "timestamp": "2025-12-08T21:45:02.583404",
  "config": {
    "whiten": {
      "width_multiplier": 1
    }
  },
  "full_hyp": {
    "opt": {
      "train_epochs": 9.9,
      "batch_size": 1024,
      "lr": 11.5,
      "momentum": 0.85,
      "weight_decay": 0.0153,
      "bias_scaler": 64.0,
      "label_smoothing": 0.2,
      "whiten_bias_epochs": 3
    },
    "aug": {
      "flip": true,
      "translate": 2
    },
    "net": {
      "widths": {
        "block1": 64,
        "block2": 256,
        "block3": 256
      },
      "batchnorm_momentum": 0.6,
      "scaling_factor": 0.1111111111111111,
      "tta_level": 2
    },
    "alpha_schedule": {
      "coef": 0.95,
      "coef_exp": 5,
      "step_exp": 3
    },
    "whiten": {
      "kernel_size": 2,
      "width_multiplier": 1,
      "eps": 0.0005,
      "trainable_after_epoch": null,
      "trainable_lr_mult": 0.01
    }
  },
  "num_runs": 50,
  "stats": {
    "accuracy": {
      "mean": 0.9369179606437683,
      "std": 0.0012502552708610892,
      "min": 0.9346999526023865,
      "max": 0.9394999742507935,
      "median": 0.9368999600410461
    },
    "time": {
      "mean": 4.059289455413818,
      "std": 0.20532020926475525,
      "min": 4.0033183097839355,
      "max": 5.463720321655273,
      "median": 4.009500980377197
    }
  },
  "all_accuracies": [
    0.9364999532699585,
    0.9352999925613403,
    0.9352999925613403,
    0.9383999705314636,
    0.9348999857902527,
    0.9354999661445618,
    0.9378999471664429,
    0.9381999969482422,
    0.9375999569892883,
    0.9386000037193298,
    0.9368999600410461,
    0.9371999502182007,
    0.9387999773025513,
    0.9371999502182007,
    0.9346999526023865,
    0.9371999502182007,
    0.9366999864578247,
    0.9378999471664429,
    0.939300000667572,
    0.9363999962806702,
    0.9376999735832214,
    0.9364999532699585,
    0.9350000023841858,
    0.9376999735832214,
    0.9368000030517578,
    0.9353999495506287,
    0.9365999698638916,
    0.9350000023841858,
    0.9394999742507935,
    0.9378999471664429,
    0.9351999759674072,
    0.9348999857902527,
    0.9375,
    0.9366999864578247,
    0.9368000030517578,
    0.9372999668121338,
    0.9372999668121338,
    0.9368999600410461,
    0.9368999600410461,
    0.9388999938964844,
    0.9351999759674072,
    0.936199963092804,
    0.9368000030517578,
    0.9364999532699585,
    0.9359999895095825,
    0.9371999502182007,
    0.9391999840736389,
    0.9373999834060669,
    0.9377999901771545,
    0.9365999698638916
  ],
  "all_times": [
    5.463720478534698,
    4.006292839407921,
    4.00544760978222,
    4.007693339824677,
    4.0065875669717785,
    4.003318217396736,
    4.007776015639306,
    4.007131185293198,
    4.007753206133843,
    4.009767532229423,
    4.008096631884575,
    4.009775242805481,
    4.005010019421578,
    4.007996474385261,
    4.008327915430069,
    4.003462646007537,
    4.0107494930028915,
    4.0077181776762005,
    4.009587607383728,
    4.007381984353066,
    4.073573793053628,
    4.00464045894146,
    4.074592443943024,
    4.008199281692505,
    4.074488807678223,
    4.009501207470894,
    4.008990221977234,
    4.081501470565796,
    4.080735656499862,
    4.010936197161675,
    4.074709614157676,
    4.084327926635742,
    4.080510071516037,
    4.006707340955733,
    4.072474060058593,
    4.08297222673893,
    4.0097173483371735,
    4.075882269978523,
    4.006024118304252,
    4.07862858581543,
    4.0834881588220595,
    4.0123174936771395,
    4.006994817376136,
    4.0079772335290915,
    4.080722534179687,
    4.007171384572983,
    4.069149353861809,
    4.008479161739349,
    4.074685614824296,
    4.010762602329255
  ],
  "all_results": "see results.pt",
  "hardware": {
    "gpu": "NVIDIA A100 80GB PCIe",
    "gpu_count": 1,
    "cuda_version": "12.8",
    "torch_version": "2.8.0+cu128",
    "hostname": "0b87a77aeea9",
    "runpod_instance": "y2q458j0ba3yfs"
  },
  "git": {
    "commit_hash": "00503f3592cee3ce32585b68ab2182b96fc687d5",
    "dirty": true
  },
  "seeds": [
    42,
    43,
    44,
    45,
    46,
    47,
    48,
    49,
    50,
    51,
    52,
    53,
    54,
    55,
    56,
    57,
    58,
    59,
    60,
    61,
    62,
    63,
    64,
    65,
    66,
    67,
    68,
    69,
    70,
    71,
    72,
    73,
    74,
    75,
    76,
    77,
    78,
    79,
    80,
    81,
    82,
    83,
    84,
    85,
    86,
    87,
    88,
    89,
    90,
    91
  ]
}