{
  "experiment_id": "combo_eps_width_95023061",
  "experiment_name": "combo_eps_width",
  "timestamp": "2025-12-08T22:23:47.840154",
  "config": {
    "whiten": {
      "eps": 0.001,
      "width_multiplier": 3
    }
  },
  "full_hyp": {
    "opt": {
      "train_epochs": 9.9,
      "batch_size": 1024,
      "lr": 11.5,
      "momentum": 0.85,
      "weight_decay": 0.0153,
      "bias_scaler": 64.0,
      "label_smoothing": 0.2,
      "whiten_bias_epochs": 3
    },
    "aug": {
      "flip": true,
      "translate": 2
    },
    "net": {
      "widths": {
        "block1": 64,
        "block2": 256,
        "block3": 256
      },
      "batchnorm_momentum": 0.6,
      "scaling_factor": 0.1111111111111111,
      "tta_level": 2
    },
    "alpha_schedule": {
      "coef": 0.95,
      "coef_exp": 5,
      "step_exp": 3
    },
    "whiten": {
      "kernel_size": 2,
      "width_multiplier": 3,
      "eps": 0.001,
      "trainable_after_epoch": null,
      "trainable_lr_mult": 0.01
    }
  },
  "num_runs": 50,
  "stats": {
    "accuracy": {
      "mean": 0.940280020236969,
      "std": 0.0012571432162076235,
      "min": 0.9373999834060669,
      "max": 0.942799985408783,
      "median": 0.9401999711990356
    },
    "time": {
      "mean": 4.637758731842041,
      "std": 0.01989179104566574,
      "min": 4.623498439788818,
      "max": 4.72304105758667,
      "median": 4.632793426513672
    }
  },
  "all_accuracies": [
    0.9404999613761902,
    0.9405999779701233,
    0.9393999576568604,
    0.9402999877929688,
    0.9400999546051025,
    0.941100001335144,
    0.9393999576568604,
    0.9407999515533447,
    0.9399999976158142,
    0.9402999877929688,
    0.939300000667572,
    0.9407999515533447,
    0.9393999576568604,
    0.9393999576568604,
    0.9387999773025513,
    0.942799985408783,
    0.9393999576568604,
    0.9402999877929688,
    0.9380999803543091,
    0.941100001335144,
    0.9404000043869019,
    0.9390999674797058,
    0.9406999945640564,
    0.9399999976158142,
    0.9387999773025513,
    0.9422000050544739,
    0.9424999952316284,
    0.9411999583244324,
    0.9400999546051025,
    0.9408999681472778,
    0.939799964427948,
    0.9419999718666077,
    0.9419999718666077,
    0.9423999786376953,
    0.9389999508857727,
    0.9418999552726746,
    0.9405999779701233,
    0.941100001335144,
    0.9400999546051025,
    0.9425999522209167,
    0.9381999969482422,
    0.9394999742507935,
    0.9381999969482422,
    0.9395999908447266,
    0.9404999613761902,
    0.9389999508857727,
    0.9418999552726746,
    0.9401999711990356,
    0.9373999834060669,
    0.9401999711990356
  ],
  "all_times": [
    4.633066374540329,
    4.623701580762863,
    4.627236394882202,
    4.626503780841827,
    4.628629917621614,
    4.625000884056091,
    4.6299788517951965,
    4.64067787528038,
    4.629942568063735,
    4.704566619873047,
    4.632793449640274,
    4.637456224679947,
    4.710867556333542,
    4.626573669910431,
    4.6318097105026235,
    4.642829232215881,
    4.626960804939269,
    4.629150307178498,
    4.635088442325592,
    4.638309394121171,
    4.630597488880158,
    4.633704993724822,
    4.627404785394669,
    4.631959835290909,
    4.630410336732864,
    4.632635332584381,
    4.637254670381546,
    4.633420607089997,
    4.635363206148147,
    4.641237877607346,
    4.63334220480919,
    4.626497190475465,
    4.637697420358658,
    4.635721439123154,
    4.637990088939666,
    4.6307040553092955,
    4.640374567508697,
    4.641690918684005,
    4.630397812843323,
    4.634156891345977,
    4.723040877342224,
    4.629698930501938,
    4.629911903619767,
    4.633003232479096,
    4.631774131536485,
    4.632133286237717,
    4.640184399366379,
    4.623498322486878,
    4.642569519758225,
    4.638412182807922
  ],
  "all_results": "see results.pt",
  "hardware": {
    "gpu": "NVIDIA A100 80GB PCIe",
    "gpu_count": 1,
    "cuda_version": "12.8",
    "torch_version": "2.8.0+cu128",
    "hostname": "0b87a77aeea9",
    "runpod_instance": "y2q458j0ba3yfs"
  },
  "git": {
    "commit_hash": "00503f3592cee3ce32585b68ab2182b96fc687d5",
    "dirty": true
  },
  "seeds": [
    42,
    43,
    44,
    45,
    46,
    47,
    48,
    49,
    50,
    51,
    52,
    53,
    54,
    55,
    56,
    57,
    58,
    59,
    60,
    61,
    62,
    63,
    64,
    65,
    66,
    67,
    68,
    69,
    70,
    71,
    72,
    73,
    74,
    75,
    76,
    77,
    78,
    79,
    80,
    81,
    82,
    83,
    84,
    85,
    86,
    87,
    88,
    89,
    90,
    91
  ]
}