{
  "experiment_id": "baseline_3991558c",
  "experiment_name": "baseline",
  "timestamp": "2025-12-07T18:23:44.632378",
  "config": null,
  "full_hyp": {
    "opt": {
      "train_epochs": 9.9,
      "batch_size": 1024,
      "lr": 11.5,
      "momentum": 0.85,
      "weight_decay": 0.0153,
      "bias_scaler": 64.0,
      "label_smoothing": 0.2,
      "whiten_bias_epochs": 3
    },
    "aug": {
      "flip": true,
      "translate": 2
    },
    "net": {
      "widths": {
        "block1": 64,
        "block2": 256,
        "block3": 256
      },
      "batchnorm_momentum": 0.6,
      "scaling_factor": 0.1111111111111111,
      "tta_level": 2
    },
    "whiten": {
      "kernel_size": 2,
      "width_multiplier": 2,
      "eps": 0.0005,
      "trainable_after_epoch": null,
      "trainable_lr_mult": 0.01
    }
  },
  "num_runs": 100,
  "stats": {
    "accuracy": {
      "mean": 0.9402299523353577,
      "std": 0.0013087514089420438,
      "min": 0.9373999834060669,
      "max": 0.944599986076355,
      "median": 0.9400999546051025
    },
    "time": {
      "mean": 4.191556930541992,
      "std": 0.8644130229949951,
      "min": 3.9656484127044678,
      "max": 12.73867130279541,
      "median": 4.127758502960205
    }
  },
  "all_accuracies": [
    0.9405999779701233,
    0.9393999576568604,
    0.9396999478340149,
    0.94159996509552,
    0.943399965763092,
    0.9398999810218811,
    0.9407999515533447,
    0.9404000043869019,
    0.9390999674797058,
    0.939300000667572,
    0.9406999945640564,
    0.939799964427948,
    0.9417999982833862,
    0.9418999552726746,
    0.944599986076355,
    0.9418999552726746,
    0.9406999945640564,
    0.9412999749183655,
    0.9382999539375305,
    0.9407999515533447,
    0.9398999810218811,
    0.9396999478340149,
    0.939799964427948,
    0.9411999583244324,
    0.9398999810218811,
    0.9390999674797058,
    0.9406999945640564,
    0.9401999711990356,
    0.9429999589920044,
    0.9393999576568604,
    0.9394999742507935,
    0.9401999711990356,
    0.9408999681472778,
    0.9409999847412109,
    0.9409999847412109,
    0.9401999711990356,
    0.9399999976158142,
    0.9378999471664429,
    0.9425999522209167,
    0.941100001335144,
    0.9430999755859375,
    0.9413999915122986,
    0.9394999742507935,
    0.9380999803543091,
    0.9404000043869019,
    0.9395999908447266,
    0.9373999834060669,
    0.9407999515533447,
    0.9400999546051025,
    0.9398999810218811,
    0.9373999834060669,
    0.9401999711990356,
    0.9384999871253967,
    0.9411999583244324,
    0.9383999705314636,
    0.9383999705314636,
    0.9396999478340149,
    0.9380999803543091,
    0.9401999711990356,
    0.939300000667572,
    0.9408999681472778,
    0.9395999908447266,
    0.9408999681472778,
    0.9411999583244324,
    0.9402999877929688,
    0.9420999884605408,
    0.9398999810218811,
    0.9399999976158142,
    0.9382999539375305,
    0.9409999847412109,
    0.9387999773025513,
    0.9406999945640564,
    0.9412999749183655,
    0.9404999613761902,
    0.9396999478340149,
    0.939799964427948,
    0.9388999938964844,
    0.9391999840736389,
    0.9391999840736389,
    0.9401999711990356,
    0.9396999478340149,
    0.9404000043869019,
    0.939300000667572,
    0.9400999546051025,
    0.9412999749183655,
    0.9391999840736389,
    0.9400999546051025,
    0.9424999952316284,
    0.9413999915122986,
    0.941100001335144,
    0.9386000037193298,
    0.9396999478340149,
    0.9382999539375305,
    0.94159996509552,
    0.9389999508857727,
    0.9413999915122986,
    0.9391999840736389,
    0.939300000667572,
    0.9407999515533447,
    0.9424999952316284
  ],
  "all_times": [
    12.738671722412109,
    3.965648317098618,
    4.056890669107437,
    4.065199902772904,
    3.9796191067695617,
    4.08065845322609,
    4.087669246435166,
    4.009161315202713,
    4.099838963508606,
    4.015303613901138,
    4.108306114196777,
    4.033966781377792,
    4.111317008018494,
    4.106417161464692,
    4.114572213172913,
    4.108818089008331,
    4.122585222482681,
    4.0280162317752835,
    4.127873384475708,
    4.036631649017334,
    4.12553514790535,
    4.129744903564453,
    4.039733577251434,
    4.129941477298737,
    4.1234179925918575,
    4.123035913705826,
    4.130499588727952,
    4.1308242294788355,
    4.128569545269013,
    4.133920059204102,
    4.116017025709152,
    4.038470896720886,
    4.12920825958252,
    4.1258095486164095,
    4.051242622375488,
    4.128594257831574,
    4.126614341020585,
    4.135636703491211,
    4.128199637174606,
    4.128597434282303,
    4.131760786771775,
    4.045111996889114,
    4.041836257457733,
    4.133047844886779,
    4.132384323835373,
    4.128682588338851,
    4.123905004739761,
    4.038466651678085,
    4.038910454273224,
    4.127112791061402,
    4.128346646785736,
    4.122653954267502,
    4.128628598928452,
    4.121143227815628,
    4.03944996714592,
    4.134017105579376,
    4.131047096967697,
    4.128646100044251,
    4.132755020141601,
    4.127332089662552,
    4.043485641002656,
    4.127301886081695,
    4.1244957687854775,
    4.12775829577446,
    4.135810646533966,
    4.135004150390625,
    4.135226329088211,
    4.132155182600021,
    4.131963549613952,
    4.132473493576049,
    4.128045570611953,
    4.135341988325119,
    4.045237981319428,
    4.138831407785416,
    4.132719543457031,
    4.135877548217774,
    4.053871450185776,
    4.128737027168274,
    4.207562049865723,
    4.134857119083405,
    4.130286076784134,
    4.0455586082935335,
    4.135637604236603,
    4.042540516614914,
    4.130307062625885,
    4.128976867198944,
    4.036882587432862,
    4.130809349060058,
    4.124768604755402,
    4.13024405670166,
    4.134315910339355,
    4.126160479545593,
    4.130921419143678,
    4.128138873815537,
    4.134096418619157,
    4.129388396024703,
    4.04418770647049,
    4.131489115715027,
    4.130507740974426,
    4.127687117338181
  ],
  "all_results": "see results.pt",
  "hardware": {
    "gpu": "NVIDIA A100 80GB PCIe",
    "cuda_version": "12.8",
    "torch_version": "2.8.0+cu128"
  }
}