{
  "experiment_id": "combo_eps_width_2a920109",
  "experiment_name": "combo_eps_width",
  "timestamp": "2025-12-08T03:06:05.159008",
  "config": {
    "whiten": {
      "eps": 0.001,
      "width_multiplier": 3
    }
  },
  "full_hyp": {
    "opt": {
      "train_epochs": 9.9,
      "batch_size": 1024,
      "lr": 11.5,
      "momentum": 0.85,
      "weight_decay": 0.0153,
      "bias_scaler": 64.0,
      "label_smoothing": 0.2,
      "whiten_bias_epochs": 3
    },
    "aug": {
      "flip": true,
      "translate": 2
    },
    "net": {
      "widths": {
        "block1": 64,
        "block2": 256,
        "block3": 256
      },
      "batchnorm_momentum": 0.6,
      "scaling_factor": 0.1111111111111111,
      "tta_level": 2
    },
    "alpha_schedule": {
      "coef": 0.95,
      "coef_exp": 5,
      "step_exp": 3
    },
    "whiten": {
      "kernel_size": 2,
      "width_multiplier": 3,
      "eps": 0.001,
      "trainable_after_epoch": null,
      "trainable_lr_mult": 0.01
    }
  },
  "num_runs": 50,
  "stats": {
    "accuracy": {
      "mean": 0.9401618838310242,
      "std": 0.0012343537528067827,
      "min": 0.9380999803543091,
      "max": 0.9426999688148499,
      "median": 0.9400999546051025
    },
    "time": {
      "mean": 4.831535816192627,
      "std": 1.0884629487991333,
      "min": 4.578236103057861,
      "max": 12.369763374328613,
      "median": 4.69074821472168
    }
  },
  "all_accuracies": [
    0.9405999779701233,
    0.9405999779701233,
    0.9393999576568604,
    0.9406999945640564,
    0.9419999718666077,
    0.9398999810218811,
    0.9391999840736389,
    0.9412999749183655,
    0.9401999711990356,
    0.9388999938964844,
    0.939300000667572,
    0.9383999705314636,
    0.9398999810218811,
    0.9406999945640564,
    0.9396999478340149,
    0.9416999816894531,
    0.9423999786376953,
    0.9382999539375305,
    0.9402999877929688,
    0.9380999803543091,
    0.9417999982833862,
    0.9388999938964844,
    0.939300000667572,
    0.9394999742507935,
    0.9381999969482422,
    0.9409999847412109,
    0.9391999840736389,
    0.9426999688148499,
    0.9411999583244324,
    0.9389999508857727,
    0.9390999674797058,
    0.9417999982833862,
    0.941100001335144,
    0.9399999976158142,
    0.9401999711990356,
    0.9399999976158142,
    0.9381999969482422,
    0.9393999576568604,
    0.9411999583244324,
    0.9401999711990356,
    0.9402999877929688,
    0.9400999546051025,
    0.9422000050544739,
    0.9423999786376953,
    0.9387999773025513,
    0.9393999576568604,
    0.94159996509552,
    0.9402999877929688,
    0.9386000037193298,
    0.9407999515533447
  ],
  "all_times": [
    12.369763504028322,
    4.578235952138901,
    4.677373077392578,
    4.641120422363281,
    4.677568829774857,
    4.60955441212654,
    4.616830621957779,
    4.619799223184585,
    4.630864300489427,
    4.636184007406236,
    4.63298891568184,
    4.646257802009583,
    4.6532742338180535,
    4.661341111421586,
    4.6674834446907045,
    4.66237598323822,
    4.676651351928711,
    4.588241702318191,
    4.678920570373536,
    4.680037114858628,
    4.688039870023727,
    4.690748358964919,
    4.68795587515831,
    4.69137517786026,
    4.6990875854492185,
    4.6165523686409005,
    4.6906887691020955,
    4.6976823728084565,
    4.702560309886932,
    4.704657318592071,
    4.70743825507164,
    4.712563392639161,
    4.709301260948181,
    4.701303581237794,
    4.70723896598816,
    4.707986375093459,
    4.7111354367733,
    4.710320642232895,
    4.707565124988556,
    4.704276957511902,
    4.710214742183686,
    4.622709788322449,
    4.707876638650894,
    4.7107614414691925,
    4.703526583433152,
    4.710651869535446,
    4.7083503921031955,
    4.7183568420410165,
    4.718515182495117,
    4.712471971035004
  ],
  "all_results": "see results.pt",
  "hardware": {
    "gpu": "NVIDIA A100 80GB PCIe",
    "cuda_version": "12.8",
    "torch_version": "2.8.0+cu128"
  }
}