Name,Phase,Stage,N Runs,Seeds,Val Loss (mean),Val Loss (std),Train Time (s),Step Avg (ms),Memory (MiB),TW Enabled,Loss vs Base (%),Loss p-value,Cohen's d,Loss Sig,Time vs Base (%),Time p-value,Time Sig,Step Overhead (%),Function,Clamp,Schedule
baseline,1,full,4,"123, 42, 456, 789",3.3591249999999997,0.0008845903006476406,835.24425,279.345,30602.0,False,,,,,,,,,,,
p2_focal,2,screening,3,"123, 42, 456",4.257466666666667,0.007536798613027262,137.671,281.66333333333336,30603.0,True,26.743323534154495,1.9541326113765764e-05,186.54489393092862,✓,-83.51727653318176,1.722329659931113e-06,✓,0.8299176048733028,focal,"[0.5, 2.0]",constant
p2_log,2,screening,3,"123, 42, 456",4.269666666666667,0.005412331598611776,136.809,279.41333333333336,30603.0,True,27.106513352931707,8.03810618251526e-06,260.8281062307996,✓,-83.62047987759269,1.1172560946972037e-06,✓,0.024461985477931596,log,"[0.8, 1.3]",constant
p2_sqrt,2,screening,3,"123, 42, 456",4.282733333333333,0.0027934447074055646,137.179,280.2433333333333,30603.0,True,27.49550354134881,5.967150305798037e-07,487.40526784458035,✓,-83.57618145829798,2.219933151027468e-06,✓,0.3215856139659758,sqrt,"[0.7, 1.5]",constant
p2_linear,2,screening,3,"123, 42, 456",4.358466666666667,0.01884471632403441,134.38366666666667,274.4866666666667,30603.0,True,29.750058919113375,0.00011570995859157184,83.71010102304963,✓,-83.91085402064526,3.959881841518981e-06,✓,-1.7391875041018627,linear,"[0.5, 2.0]",constant
