{
  "experiment_id": "combo_eps_width_efb9dfef",
  "experiment_name": "combo_eps_width",
  "timestamp": "2025-12-07T21:28:28.581434",
  "config": {
    "whiten": {
      "eps": 0.001,
      "width_multiplier": 2,
      "kernel_size": 2
    }
  },
  "full_hyp": {
    "opt": {
      "train_epochs": 9.9,
      "batch_size": 1024,
      "lr": 11.5,
      "momentum": 0.85,
      "weight_decay": 0.0153,
      "bias_scaler": 64.0,
      "label_smoothing": 0.2,
      "whiten_bias_epochs": 3
    },
    "aug": {
      "flip": true,
      "translate": 2
    },
    "net": {
      "widths": {
        "block1": 64,
        "block2": 256,
        "block3": 256
      },
      "batchnorm_momentum": 0.6,
      "scaling_factor": 0.1111111111111111,
      "tta_level": 2
    },
    "whiten": {
      "kernel_size": 2,
      "width_multiplier": 2,
      "eps": 0.001,
      "trainable_after_epoch": null,
      "trainable_lr_mult": 0.01
    }
  },
  "num_runs": 50,
  "stats": {
    "accuracy": {
      "mean": 0.9401679039001465,
      "std": 0.001241371501237154,
      "min": 0.9364999532699585,
      "max": 0.9426999688148499,
      "median": 0.9401999711990356
    },
    "time": {
      "mean": 4.264522075653076,
      "std": 1.1367775201797485,
      "min": 3.984041213989258,
      "max": 12.138669967651367,
      "median": 4.116580009460449
    }
  },
  "all_accuracies": [
    0.9380999803543091,
    0.941100001335144,
    0.9396999478340149,
    0.9414999485015869,
    0.9382999539375305,
    0.9411999583244324,
    0.94159996509552,
    0.9407999515533447,
    0.9398999810218811,
    0.9391999840736389,
    0.9406999945640564,
    0.9407999515533447,
    0.9401999711990356,
    0.9399999976158142,
    0.9388999938964844,
    0.9401999711990356,
    0.9408999681472778,
    0.9369999766349792,
    0.9401999711990356,
    0.9399999976158142,
    0.9412999749183655,
    0.9398999810218811,
    0.9383999705314636,
    0.9364999532699585,
    0.9402999877929688,
    0.9398999810218811,
    0.9399999976158142,
    0.9400999546051025,
    0.9405999779701233,
    0.9412999749183655,
    0.9413999915122986,
    0.9383999705314636,
    0.9399999976158142,
    0.941100001335144,
    0.9400999546051025,
    0.9405999779701233,
    0.939799964427948,
    0.9420999884605408,
    0.9406999945640564,
    0.9413999915122986,
    0.9404000043869019,
    0.9380999803543091,
    0.941100001335144,
    0.9409999847412109,
    0.9393999576568604,
    0.9405999779701233,
    0.9417999982833862,
    0.9394999742507935,
    0.9426999688148499,
    0.9395999908447266
  ],
  "all_times": [
    12.138669601440432,
    4.049947647571564,
    4.056049237012863,
    4.064284790992736,
    3.984041226863861,
    4.073353892326355,
    4.075306267976761,
    4.0811680939197545,
    4.0883923346996305,
    4.10578338623047,
    4.1020342483520515,
    4.101289793014527,
    4.022134977817535,
    4.017802184820175,
    4.10714662861824,
    4.112825202941894,
    4.116775866270065,
    4.113687271356582,
    4.1068391466140755,
    4.112219776391983,
    4.113585227251053,
    4.109992115974427,
    4.114055166244507,
    4.126027099609375,
    4.127749241113663,
    4.1221983294487,
    4.11658017539978,
    4.121680845499039,
    4.108390215158463,
    4.118642344236374,
    4.117976071596146,
    4.123365159988404,
    4.131303352355958,
    4.129507829427719,
    4.102141021251679,
    4.1167158353328706,
    4.123400243997573,
    4.117817507982254,
    4.1254595794677735,
    4.1262511947155005,
    4.13194095826149,
    4.127039881944656,
    4.125139724731445,
    4.13552513885498,
    4.126751399278641,
    4.126083201169967,
    4.044972795009613,
    4.128699803113937,
    4.125897785186767,
    4.131473083496093
  ],
  "all_results": "see results.pt",
  "hardware": {
    "gpu": "NVIDIA A100 80GB PCIe",
    "cuda_version": "12.8",
    "torch_version": "2.8.0+cu128"
  }
}