{
  "experiment_id": "J_alpha_base090_83e0a839",
  "experiment_name": "J_alpha_base090",
  "timestamp": "2025-12-08T22:39:18.417440",
  "config": {
    "lookahead": {
      "coef": 0.9
    }
  },
  "full_hyp": {
    "opt": {
      "train_epochs": 9.9,
      "batch_size": 1024,
      "lr": 11.5,
      "momentum": 0.85,
      "weight_decay": 0.0153,
      "bias_scaler": 64.0,
      "label_smoothing": 0.2,
      "whiten_bias_epochs": 3
    },
    "aug": {
      "flip": true,
      "translate": 2
    },
    "net": {
      "widths": {
        "block1": 64,
        "block2": 256,
        "block3": 256
      },
      "batchnorm_momentum": 0.6,
      "scaling_factor": 0.1111111111111111,
      "tta_level": 2
    },
    "alpha_schedule": {
      "coef": 0.95,
      "coef_exp": 5,
      "step_exp": 3
    },
    "whiten": {
      "kernel_size": 2,
      "width_multiplier": 2,
      "eps": 0.0005,
      "trainable_after_epoch": null,
      "trainable_lr_mult": 0.01
    },
    "lookahead": {
      "coef": 0.9
    }
  },
  "num_runs": 50,
  "stats": {
    "accuracy": {
      "mean": 0.940123975276947,
      "std": 0.0011730942642316222,
      "min": 0.9369999766349792,
      "max": 0.9425999522209167,
      "median": 0.9400999546051025
    },
    "time": {
      "mean": 4.060973167419434,
      "std": 0.015078926458954811,
      "min": 4.046290397644043,
      "max": 4.097440242767334,
      "median": 4.0537567138671875
    }
  },
  "all_accuracies": [
    0.939300000667572,
    0.9401999711990356,
    0.941100001335144,
    0.9408999681472778,
    0.941100001335144,
    0.9389999508857727,
    0.9391999840736389,
    0.9387999773025513,
    0.9417999982833862,
    0.9389999508857727,
    0.9409999847412109,
    0.9400999546051025,
    0.9406999945640564,
    0.9422000050544739,
    0.94159996509552,
    0.9395999908447266,
    0.939300000667572,
    0.9416999816894531,
    0.9388999938964844,
    0.941100001335144,
    0.9419999718666077,
    0.939300000667572,
    0.9404000043869019,
    0.9401999711990356,
    0.9383999705314636,
    0.9398999810218811,
    0.9399999976158142,
    0.9404999613761902,
    0.9388999938964844,
    0.9425999522209167,
    0.9382999539375305,
    0.9394999742507935,
    0.9411999583244324,
    0.9393999576568604,
    0.9396999478340149,
    0.9396999478340149,
    0.9400999546051025,
    0.9388999938964844,
    0.9369999766349792,
    0.9412999749183655,
    0.9394999742507935,
    0.9411999583244324,
    0.9393999576568604,
    0.9418999552726746,
    0.9406999945640564,
    0.9401999711990356,
    0.9384999871253967,
    0.9400999546051025,
    0.941100001335144,
    0.9396999478340149
  ],
  "all_times": [
    4.053408553361892,
    4.054468559265136,
    4.053131860017777,
    4.05186732840538,
    4.0534877576828,
    4.055480609655381,
    4.049989718198776,
    4.093399312973022,
    4.05188321685791,
    4.055977023124695,
    4.051407598495484,
    4.059578776836396,
    4.050986490011216,
    4.050591156244279,
    4.055376179933548,
    4.057109165906906,
    4.053756947517395,
    4.048245316505432,
    4.05575713610649,
    4.051286510229111,
    4.053627299547196,
    4.049471921443939,
    4.047565335512161,
    4.055140259623528,
    4.0912721824646,
    4.092953109741211,
    4.083386638641358,
    4.072205955982208,
    4.097440091967583,
    4.05594433426857,
    4.051419539451598,
    4.05280414557457,
    4.06853323173523,
    4.082069112062454,
    4.0796917843818665,
    4.049355591058731,
    4.067451373338699,
    4.049121576786042,
    4.047516010761261,
    4.054100091457367,
    4.046290526151657,
    4.070507179260254,
    4.053579346656799,
    4.047187274217606,
    4.051718377590179,
    4.072143299341201,
    4.090730712175369,
    4.096243770837783,
    4.052274344921113,
    4.059719730615616
  ],
  "all_results": "see results.pt",
  "hardware": {
    "gpu": "NVIDIA A100 80GB PCIe",
    "gpu_count": 1,
    "cuda_version": "12.8",
    "torch_version": "2.8.0+cu128",
    "hostname": "0b87a77aeea9",
    "runpod_instance": "y2q458j0ba3yfs"
  },
  "git": {
    "commit_hash": "00503f3592cee3ce32585b68ab2182b96fc687d5",
    "dirty": true
  },
  "seeds": [
    42,
    43,
    44,
    45,
    46,
    47,
    48,
    49,
    50,
    51,
    52,
    53,
    54,
    55,
    56,
    57,
    58,
    59,
    60,
    61,
    62,
    63,
    64,
    65,
    66,
    67,
    68,
    69,
    70,
    71,
    72,
    73,
    74,
    75,
    76,
    77,
    78,
    79,
    80,
    81,
    82,
    83,
    84,
    85,
    86,
    87,
    88,
    89,
    90,
    91
  ]
}