{
  "experiment_id": "Q3_eps_1e-4_8d6ff81b",
  "experiment_name": "Q3_eps_1e-4",
  "timestamp": "2025-12-08T21:56:51.407399",
  "config": {
    "whiten": {
      "eps": 0.0001
    }
  },
  "full_hyp": {
    "opt": {
      "train_epochs": 9.9,
      "batch_size": 1024,
      "lr": 11.5,
      "momentum": 0.85,
      "weight_decay": 0.0153,
      "bias_scaler": 64.0,
      "label_smoothing": 0.2,
      "whiten_bias_epochs": 3
    },
    "aug": {
      "flip": true,
      "translate": 2
    },
    "net": {
      "widths": {
        "block1": 64,
        "block2": 256,
        "block3": 256
      },
      "batchnorm_momentum": 0.6,
      "scaling_factor": 0.1111111111111111,
      "tta_level": 2
    },
    "alpha_schedule": {
      "coef": 0.95,
      "coef_exp": 5,
      "step_exp": 3
    },
    "whiten": {
      "kernel_size": 2,
      "width_multiplier": 2,
      "eps": 0.0001,
      "trainable_after_epoch": null,
      "trainable_lr_mult": 0.01
    }
  },
  "num_runs": 50,
  "stats": {
    "accuracy": {
      "mean": 0.9399999976158142,
      "std": 0.0011499819811433554,
      "min": 0.9371999502182007,
      "max": 0.9424999952316284,
      "median": 0.9396999478340149
    },
    "time": {
      "mean": 4.062140941619873,
      "std": 0.019844848662614822,
      "min": 4.0420026779174805,
      "max": 4.109707355499268,
      "median": 4.050218105316162
    }
  },
  "all_accuracies": [
    0.9404000043869019,
    0.9402999877929688,
    0.9401999711990356,
    0.9400999546051025,
    0.9387999773025513,
    0.9393999576568604,
    0.9394999742507935,
    0.9391999840736389,
    0.939300000667572,
    0.9404000043869019,
    0.9407999515533447,
    0.9405999779701233,
    0.9419999718666077,
    0.9404000043869019,
    0.9388999938964844,
    0.9388999938964844,
    0.9424999952316284,
    0.9395999908447266,
    0.9411999583244324,
    0.9395999908447266,
    0.9394999742507935,
    0.9391999840736389,
    0.9402999877929688,
    0.9396999478340149,
    0.9404000043869019,
    0.9423999786376953,
    0.9396999478340149,
    0.9386999607086182,
    0.9393999576568604,
    0.9404999613761902,
    0.9384999871253967,
    0.9417999982833862,
    0.9395999908447266,
    0.9405999779701233,
    0.9393999576568604,
    0.9406999945640564,
    0.9417999982833862,
    0.9391999840736389,
    0.9380999803543091,
    0.9424999952316284,
    0.941100001335144,
    0.9371999502182007,
    0.9396999478340149,
    0.9394999742507935,
    0.9409999847412109,
    0.9398999810218811,
    0.9380999803543091,
    0.9398999810218811,
    0.9405999779701233,
    0.9388999938964844
  ],
  "all_times": [
    4.046312348365784,
    4.045404560565948,
    4.0460042495727535,
    4.049311571359635,
    4.04410873246193,
    4.042358440637589,
    4.044113515377045,
    4.046280898332596,
    4.051706578969955,
    4.044219088792801,
    4.096392807006836,
    4.085988006591797,
    4.085599746704102,
    4.0489574146270755,
    4.083376895427704,
    4.042002883672714,
    4.045864808320999,
    4.050041800022125,
    4.05998721575737,
    4.073924848079682,
    4.082233093500137,
    4.045834375858306,
    4.088293003082275,
    4.0492282845973975,
    4.0476785604953776,
    4.051400679588318,
    4.080531602621078,
    4.048882985830307,
    4.074114195585251,
    4.105076667785645,
    4.046477669239044,
    4.0479674961566925,
    4.050458166122437,
    4.0882796401977535,
    4.089569732666015,
    4.094929131746292,
    4.084652575492859,
    4.109707263946533,
    4.0516320517063145,
    4.050217914104461,
    4.05928072655201,
    4.0434710950851445,
    4.045281278133393,
    4.07012875366211,
    4.047126435041428,
    4.068172479629517,
    4.084755820393561,
    4.046356890678405,
    4.078301971435548,
    4.045060051679611
  ],
  "all_results": "see results.pt",
  "hardware": {
    "gpu": "NVIDIA A100 80GB PCIe",
    "gpu_count": 1,
    "cuda_version": "12.8",
    "torch_version": "2.8.0+cu128",
    "hostname": "0b87a77aeea9",
    "runpod_instance": "y2q458j0ba3yfs"
  },
  "git": {
    "commit_hash": "00503f3592cee3ce32585b68ab2182b96fc687d5",
    "dirty": true
  },
  "seeds": [
    42,
    43,
    44,
    45,
    46,
    47,
    48,
    49,
    50,
    51,
    52,
    53,
    54,
    55,
    56,
    57,
    58,
    59,
    60,
    61,
    62,
    63,
    64,
    65,
    66,
    67,
    68,
    69,
    70,
    71,
    72,
    73,
    74,
    75,
    76,
    77,
    78,
    79,
    80,
    81,
    82,
    83,
    84,
    85,
    86,
    87,
    88,
    89,
    90,
    91
  ]
}