{
  "experiment_id": "Q4_trainable_epoch0_48735ac6",
  "experiment_name": "Q4_trainable_epoch0",
  "timestamp": "2025-12-07T20:14:19.320235",
  "config": {
    "whiten": {
      "trainable_after_epoch": 0,
      "trainable_lr_mult": 0.01
    }
  },
  "full_hyp": {
    "opt": {
      "train_epochs": 9.9,
      "batch_size": 1024,
      "lr": 11.5,
      "momentum": 0.85,
      "weight_decay": 0.0153,
      "bias_scaler": 64.0,
      "label_smoothing": 0.2,
      "whiten_bias_epochs": 3
    },
    "aug": {
      "flip": true,
      "translate": 2
    },
    "net": {
      "widths": {
        "block1": 64,
        "block2": 256,
        "block3": 256
      },
      "batchnorm_momentum": 0.6,
      "scaling_factor": 0.1111111111111111,
      "tta_level": 2
    },
    "whiten": {
      "kernel_size": 2,
      "width_multiplier": 2,
      "eps": 0.0005,
      "trainable_after_epoch": 0,
      "trainable_lr_mult": 0.01
    }
  },
  "num_runs": 50,
  "stats": {
    "accuracy": {
      "mean": 0.9225739240646362,
      "std": 0.00865180790424347,
      "min": 0.8854999542236328,
      "max": 0.9323999881744385,
      "median": 0.9235000014305115
    },
    "time": {
      "mean": 4.491153717041016,
      "std": 1.163000464439392,
      "min": 4.1868743896484375,
      "max": 12.545049667358398,
      "median": 4.343874931335449
    }
  },
  "all_accuracies": [
    0.9299999475479126,
    0.9218999743461609,
    0.924299955368042,
    0.9285999536514282,
    0.92249995470047,
    0.9297999739646912,
    0.9264999628067017,
    0.9188999533653259,
    0.9264000058174133,
    0.9156000018119812,
    0.9301999807357788,
    0.92249995470047,
    0.9075999855995178,
    0.9231999516487122,
    0.9169999957084656,
    0.9081999659538269,
    0.9287999868392944,
    0.9232999682426453,
    0.9233999848365784,
    0.9179999828338623,
    0.9291999936103821,
    0.9246999621391296,
    0.9223999977111816,
    0.9277999997138977,
    0.9193999767303467,
    0.9243999719619751,
    0.9229999780654907,
    0.9228000044822693,
    0.9256999492645264,
    0.9162999987602234,
    0.9318999648094177,
    0.9071999788284302,
    0.927299976348877,
    0.9235000014305115,
    0.9186999797821045,
    0.9300999641418457,
    0.9205999970436096,
    0.9253999590873718,
    0.9021999835968018,
    0.9293999671936035,
    0.9289999604225159,
    0.8854999542236328,
    0.9323999881744385,
    0.9143999814987183,
    0.9228000044822693,
    0.930899977684021,
    0.9311999678611755,
    0.9296999573707581,
    0.9257999658584595,
    0.9282999634742737
  ],
  "all_times": [
    12.545049835205077,
    4.186874557495117,
    4.280627794981003,
    4.282845256328583,
    4.302089630126953,
    4.298325668334961,
    4.305704513549804,
    4.31306662583351,
    4.31154082608223,
    4.326688689947129,
    4.33047438621521,
    4.249665968894958,
    4.334294278621674,
    4.33548739361763,
    4.345125613689422,
    4.341153256893158,
    4.266879495143891,
    4.261386192560195,
    4.343351336240768,
    4.343751097917557,
    4.345683010339737,
    4.358528205871583,
    4.348071841478348,
    4.352274661064148,
    4.353511951446533,
    4.265076026439666,
    4.35422214102745,
    4.343684707164765,
    4.356714282274246,
    4.354254010915756,
    4.349798676490783,
    4.355316702842711,
    4.27160055232048,
    4.346804614067078,
    4.343874841451645,
    4.354327476263046,
    4.354170737028121,
    4.352907104253769,
    4.353082789182663,
    4.35902924156189,
    4.360168884277344,
    4.3562180345058445,
    4.265905600786208,
    4.431735664367676,
    4.355293884754181,
    4.2668421852588665,
    4.357244658708573,
    4.358379859924316,
    4.358494681835174,
    4.2700948624610895
  ],
  "all_results": "see results.pt",
  "hardware": {
    "gpu": "NVIDIA A100 80GB PCIe",
    "cuda_version": "12.8",
    "torch_version": "2.8.0+cu128"
  }
}