{
  "experiment_id": "Q1_kernel_1x1_b4ddb0a0",
  "experiment_name": "Q1_kernel_1x1",
  "timestamp": "2025-12-08T21:31:15.802169",
  "config": {
    "whiten": {
      "kernel_size": 1
    }
  },
  "full_hyp": {
    "opt": {
      "train_epochs": 9.9,
      "batch_size": 1024,
      "lr": 11.5,
      "momentum": 0.85,
      "weight_decay": 0.0153,
      "bias_scaler": 64.0,
      "label_smoothing": 0.2,
      "whiten_bias_epochs": 3
    },
    "aug": {
      "flip": true,
      "translate": 2
    },
    "net": {
      "widths": {
        "block1": 64,
        "block2": 256,
        "block3": 256
      },
      "batchnorm_momentum": 0.6,
      "scaling_factor": 0.1111111111111111,
      "tta_level": 2
    },
    "alpha_schedule": {
      "coef": 0.95,
      "coef_exp": 5,
      "step_exp": 3
    },
    "whiten": {
      "kernel_size": 1,
      "width_multiplier": 2,
      "eps": 0.0005,
      "trainable_after_epoch": null,
      "trainable_lr_mult": 0.01
    }
  },
  "num_runs": 50,
  "stats": {
    "accuracy": {
      "mean": 0.9239280223846436,
      "std": 0.001490929746069014,
      "min": 0.9200999736785889,
      "max": 0.9264999628067017,
      "median": 0.9238999485969543
    },
    "time": {
      "mean": 4.69650411605835,
      "std": 0.6894053816795349,
      "min": 4.569034576416016,
      "max": 9.47052001953125,
      "median": 4.587858200073242
    }
  },
  "all_accuracies": [
    0.9240999817848206,
    0.9258999824523926,
    0.9243999719619751,
    0.9226999878883362,
    0.9251999855041504,
    0.9253999590873718,
    0.9238999485969543,
    0.9254999756813049,
    0.9239999651908875,
    0.9223999977111816,
    0.9235999584197998,
    0.9246000051498413,
    0.9231999516487122,
    0.9232999682426453,
    0.921999990940094,
    0.925599992275238,
    0.9243999719619751,
    0.9200999736785889,
    0.9230999946594238,
    0.9223999977111816,
    0.9213999509811401,
    0.921999990940094,
    0.9264999628067017,
    0.926099956035614,
    0.9253999590873718,
    0.9221999645233154,
    0.9231999516487122,
    0.9244999885559082,
    0.9253000020980835,
    0.9257999658584595,
    0.9253999590873718,
    0.9214999675750732,
    0.923799991607666,
    0.9256999492645264,
    0.9248999953269958,
    0.9235000014305115,
    0.925599992275238,
    0.9231999516487122,
    0.9253999590873718,
    0.9214999675750732,
    0.9249999523162842,
    0.9235000014305115,
    0.9221999645233154,
    0.9239999651908875,
    0.9232999682426453,
    0.9238999485969543,
    0.9235000014305115,
    0.9235999584197998,
    0.9261999726295471,
    0.92249995470047
  ],
  "all_times": [
    9.47052011156082,
    4.6002563120126725,
    4.647555729269981,
    4.569034478425979,
    4.572661262989044,
    4.575492655992509,
    4.578665843844414,
    4.649134235143661,
    4.580168834328651,
    4.6466635895967485,
    4.580151676177978,
    4.642730348587036,
    4.581583076119424,
    4.581085871458053,
    4.583389339923858,
    4.653554169774056,
    4.5851723186969755,
    4.587277919650078,
    4.5835551156997685,
    4.582057538390159,
    4.583868701815605,
    4.585775467038154,
    4.645563697099686,
    4.60476270377636,
    4.634386745452882,
    4.58435280919075,
    4.653667793750763,
    4.585953842639923,
    4.584513889908791,
    4.588400788187982,
    4.5847959252595905,
    4.585816732406617,
    4.590682775974274,
    4.586681016921997,
    4.588558695197105,
    4.585490291118622,
    4.588296120643617,
    4.588801405072213,
    4.588500165224075,
    4.5885884963274,
    4.590926521539689,
    4.588556567311287,
    4.5914863322973245,
    4.5906214077472685,
    4.58785816335678,
    4.626131810307503,
    4.653424522995949,
    4.586307830691337,
    4.587549959540366,
    4.644182349920273
  ],
  "all_results": "see results.pt",
  "hardware": {
    "gpu": "NVIDIA A100 80GB PCIe",
    "gpu_count": 1,
    "cuda_version": "12.8",
    "torch_version": "2.8.0+cu128",
    "hostname": "0b87a77aeea9",
    "runpod_instance": "y2q458j0ba3yfs"
  },
  "git": {
    "commit_hash": "00503f3592cee3ce32585b68ab2182b96fc687d5",
    "dirty": true
  },
  "seeds": [
    42,
    43,
    44,
    45,
    46,
    47,
    48,
    49,
    50,
    51,
    52,
    53,
    54,
    55,
    56,
    57,
    58,
    59,
    60,
    61,
    62,
    63,
    64,
    65,
    66,
    67,
    68,
    69,
    70,
    71,
    72,
    73,
    74,
    75,
    76,
    77,
    78,
    79,
    80,
    81,
    82,
    83,
    84,
    85,
    86,
    87,
    88,
    89,
    90,
    91
  ]
}