{
  "experiment_id": "Q3_eps_5e-3_2c5c2a96",
  "experiment_name": "Q3_eps_5e-3",
  "timestamp": "2025-12-08T22:04:21.389737",
  "config": {
    "whiten": {
      "eps": 0.005
    }
  },
  "full_hyp": {
    "opt": {
      "train_epochs": 9.9,
      "batch_size": 1024,
      "lr": 11.5,
      "momentum": 0.85,
      "weight_decay": 0.0153,
      "bias_scaler": 64.0,
      "label_smoothing": 0.2,
      "whiten_bias_epochs": 3
    },
    "aug": {
      "flip": true,
      "translate": 2
    },
    "net": {
      "widths": {
        "block1": 64,
        "block2": 256,
        "block3": 256
      },
      "batchnorm_momentum": 0.6,
      "scaling_factor": 0.1111111111111111,
      "tta_level": 2
    },
    "alpha_schedule": {
      "coef": 0.95,
      "coef_exp": 5,
      "step_exp": 3
    },
    "whiten": {
      "kernel_size": 2,
      "width_multiplier": 2,
      "eps": 0.005,
      "trainable_after_epoch": null,
      "trainable_lr_mult": 0.01
    }
  },
  "num_runs": 50,
  "stats": {
    "accuracy": {
      "mean": 0.9402539134025574,
      "std": 0.0012074979022145271,
      "min": 0.9371999502182007,
      "max": 0.9422000050544739,
      "median": 0.9402999877929688
    },
    "time": {
      "mean": 4.070298194885254,
      "std": 0.022137831896543503,
      "min": 4.041818618774414,
      "max": 4.10975456237793,
      "median": 4.075863361358643
    }
  },
  "all_accuracies": [
    0.9413999915122986,
    0.9414999485015869,
    0.9387999773025513,
    0.9411999583244324,
    0.9402999877929688,
    0.9381999969482422,
    0.9388999938964844,
    0.9402999877929688,
    0.9383999705314636,
    0.9407999515533447,
    0.9409999847412109,
    0.9417999982833862,
    0.9417999982833862,
    0.941100001335144,
    0.9395999908447266,
    0.9416999816894531,
    0.9414999485015869,
    0.9418999552726746,
    0.9408999681472778,
    0.9411999583244324,
    0.9394999742507935,
    0.9422000050544739,
    0.9399999976158142,
    0.9406999945640564,
    0.9399999976158142,
    0.9404999613761902,
    0.9405999779701233,
    0.9405999779701233,
    0.9376999735832214,
    0.9400999546051025,
    0.9396999478340149,
    0.939799964427948,
    0.9386000037193298,
    0.94159996509552,
    0.9375999569892883,
    0.941100001335144,
    0.9396999478340149,
    0.9371999502182007,
    0.9394999742507935,
    0.9417999982833862,
    0.939799964427948,
    0.9413999915122986,
    0.939300000667572,
    0.939799964427948,
    0.9400999546051025,
    0.941100001335144,
    0.9394999742507935,
    0.9395999908447266,
    0.9406999945640564,
    0.9405999779701233
  ],
  "all_times": [
    4.046016123771668,
    4.083990371704102,
    4.048731848478318,
    4.051768100976944,
    4.0425890603065495,
    4.047335176706314,
    4.045485678911209,
    4.042746836662292,
    4.0431520888805395,
    4.042785787343979,
    4.0452248399257655,
    4.066542749404907,
    4.090994844675064,
    4.087952147006988,
    4.088022655487061,
    4.085458387136459,
    4.075863134384155,
    4.096409618377686,
    4.072854284286499,
    4.092756928682327,
    4.046571861743927,
    4.077030906677246,
    4.045565015792847,
    4.043463459014892,
    4.044041879653931,
    4.043634605884552,
    4.096508105993271,
    4.0418186378479,
    4.050202461481094,
    4.047471563816071,
    4.082431865692138,
    4.046863662719727,
    4.092507961273193,
    4.080786949396134,
    4.094424938201905,
    4.070930564403533,
    4.106274063110352,
    4.08325701904297,
    4.082356781005859,
    4.072998379707337,
    4.10975475692749,
    4.0888567802906035,
    4.07632133436203,
    4.08837865447998,
    4.083339000701905,
    4.042839938163757,
    4.0838034880161285,
    4.092345396995544,
    4.105081615447998,
    4.09835344338417
  ],
  "all_results": "see results.pt",
  "hardware": {
    "gpu": "NVIDIA A100 80GB PCIe",
    "gpu_count": 1,
    "cuda_version": "12.8",
    "torch_version": "2.8.0+cu128",
    "hostname": "0b87a77aeea9",
    "runpod_instance": "y2q458j0ba3yfs"
  },
  "git": {
    "commit_hash": "00503f3592cee3ce32585b68ab2182b96fc687d5",
    "dirty": true
  },
  "seeds": [
    42,
    43,
    44,
    45,
    46,
    47,
    48,
    49,
    50,
    51,
    52,
    53,
    54,
    55,
    56,
    57,
    58,
    59,
    60,
    61,
    62,
    63,
    64,
    65,
    66,
    67,
    68,
    69,
    70,
    71,
    72,
    73,
    74,
    75,
    76,
    77,
    78,
    79,
    80,
    81,
    82,
    83,
    84,
    85,
    86,
    87,
    88,
    89,
    90,
    91
  ]
}