{
  "experiment_id": "Q3_eps_1e-4_c9bec1e1",
  "experiment_name": "Q3_eps_1e-4",
  "timestamp": "2025-12-07T19:32:01.430151",
  "config": {
    "whiten": {
      "eps": 0.0001
    }
  },
  "full_hyp": {
    "opt": {
      "train_epochs": 9.9,
      "batch_size": 1024,
      "lr": 11.5,
      "momentum": 0.85,
      "weight_decay": 0.0153,
      "bias_scaler": 64.0,
      "label_smoothing": 0.2,
      "whiten_bias_epochs": 3
    },
    "aug": {
      "flip": true,
      "translate": 2
    },
    "net": {
      "widths": {
        "block1": 64,
        "block2": 256,
        "block3": 256
      },
      "batchnorm_momentum": 0.6,
      "scaling_factor": 0.1111111111111111,
      "tta_level": 2
    },
    "whiten": {
      "kernel_size": 2,
      "width_multiplier": 2,
      "eps": 0.0001,
      "trainable_after_epoch": null,
      "trainable_lr_mult": 0.01
    }
  },
  "num_runs": 50,
  "stats": {
    "accuracy": {
      "mean": 0.9403378963470459,
      "std": 0.0010972885647788644,
      "min": 0.9373999834060669,
      "max": 0.9422000050544739,
      "median": 0.9404999613761902
    },
    "time": {
      "mean": 4.125236988067627,
      "std": 0.028856251388788223,
      "min": 4.038615703582764,
      "max": 4.190647125244141,
      "median": 4.132901668548584
    }
  },
  "all_accuracies": [
    0.9404999613761902,
    0.941100001335144,
    0.9408999681472778,
    0.9373999834060669,
    0.9402999877929688,
    0.9422000050544739,
    0.9402999877929688,
    0.9407999515533447,
    0.9390999674797058,
    0.9404999613761902,
    0.941100001335144,
    0.9400999546051025,
    0.9404000043869019,
    0.9394999742507935,
    0.9404000043869019,
    0.9416999816894531,
    0.9409999847412109,
    0.9400999546051025,
    0.9408999681472778,
    0.939300000667572,
    0.9413999915122986,
    0.9405999779701233,
    0.94159996509552,
    0.9405999779701233,
    0.9409999847412109,
    0.937999963760376,
    0.9389999508857727,
    0.9389999508857727,
    0.9398999810218811,
    0.9412999749183655,
    0.9401999711990356,
    0.9389999508857727,
    0.9405999779701233,
    0.94159996509552,
    0.9395999908447266,
    0.9414999485015869,
    0.9388999938964844,
    0.9375999569892883,
    0.9400999546051025,
    0.9390999674797058,
    0.9391999840736389,
    0.9418999552726746,
    0.9398999810218811,
    0.9412999749183655,
    0.9413999915122986,
    0.9407999515533447,
    0.9407999515533447,
    0.94159996509552,
    0.9413999915122986,
    0.9404000043869019
  ],
  "all_times": [
    4.128859392642975,
    4.13793295288086,
    4.135794255495071,
    4.129423093318939,
    4.1366683816909795,
    4.141408386230469,
    4.137366926193238,
    4.19064705657959,
    4.134390075445175,
    4.136374463319779,
    4.121178206682205,
    4.124320571899414,
    4.132691837310791,
    4.129384480714799,
    4.130813312768936,
    4.137963569641113,
    4.1363968260288235,
    4.1294077644348155,
    4.132901903629303,
    4.046706146717072,
    4.133536915063858,
    4.136915766954422,
    4.045270584344864,
    4.127444623470306,
    4.125973896741867,
    4.038615839958191,
    4.13601480102539,
    4.1320797209739695,
    4.133802670001984,
    4.127955197811127,
    4.133320892333984,
    4.140632266521454,
    4.12751468372345,
    4.128955773115158,
    4.045180146217346,
    4.136178863525391,
    4.044472223758698,
    4.131695671081543,
    4.135195068359375,
    4.138572314977646,
    4.130862539291383,
    4.137996601104737,
    4.129887386322022,
    4.1336352651119235,
    4.137759866237641,
    4.124749063253402,
    4.133697738409042,
    4.136321609497071,
    4.13216939330101,
    4.134791765928268
  ],
  "all_results": "see results.pt",
  "hardware": {
    "gpu": "NVIDIA A100 80GB PCIe",
    "cuda_version": "12.8",
    "torch_version": "2.8.0+cu128"
  }
}