{
  "experiment_id": "J_alpha_exp4_2827f076",
  "experiment_name": "J_alpha_exp4",
  "timestamp": "2025-12-08T22:31:48.413828",
  "config": {
    "lookahead": {
      "step_exp": 4
    }
  },
  "full_hyp": {
    "opt": {
      "train_epochs": 9.9,
      "batch_size": 1024,
      "lr": 11.5,
      "momentum": 0.85,
      "weight_decay": 0.0153,
      "bias_scaler": 64.0,
      "label_smoothing": 0.2,
      "whiten_bias_epochs": 3
    },
    "aug": {
      "flip": true,
      "translate": 2
    },
    "net": {
      "widths": {
        "block1": 64,
        "block2": 256,
        "block3": 256
      },
      "batchnorm_momentum": 0.6,
      "scaling_factor": 0.1111111111111111,
      "tta_level": 2
    },
    "alpha_schedule": {
      "coef": 0.95,
      "coef_exp": 5,
      "step_exp": 3
    },
    "whiten": {
      "kernel_size": 2,
      "width_multiplier": 2,
      "eps": 0.0005,
      "trainable_after_epoch": null,
      "trainable_lr_mult": 0.01
    },
    "lookahead": {
      "step_exp": 4
    }
  },
  "num_runs": 50,
  "stats": {
    "accuracy": {
      "mean": 0.940123975276947,
      "std": 0.0011730942642316222,
      "min": 0.9369999766349792,
      "max": 0.9425999522209167,
      "median": 0.9400999546051025
    },
    "time": {
      "mean": 4.068681716918945,
      "std": 0.02234746515750885,
      "min": 4.044276237487793,
      "max": 4.121310234069824,
      "median": 4.053895473480225
    }
  },
  "all_accuracies": [
    0.939300000667572,
    0.9401999711990356,
    0.941100001335144,
    0.9408999681472778,
    0.941100001335144,
    0.9389999508857727,
    0.9391999840736389,
    0.9387999773025513,
    0.9417999982833862,
    0.9389999508857727,
    0.9409999847412109,
    0.9400999546051025,
    0.9406999945640564,
    0.9422000050544739,
    0.94159996509552,
    0.9395999908447266,
    0.939300000667572,
    0.9416999816894531,
    0.9388999938964844,
    0.941100001335144,
    0.9419999718666077,
    0.939300000667572,
    0.9404000043869019,
    0.9401999711990356,
    0.9383999705314636,
    0.9398999810218811,
    0.9399999976158142,
    0.9404999613761902,
    0.9388999938964844,
    0.9425999522209167,
    0.9382999539375305,
    0.9394999742507935,
    0.9411999583244324,
    0.9393999576568604,
    0.9396999478340149,
    0.9396999478340149,
    0.9400999546051025,
    0.9388999938964844,
    0.9369999766349792,
    0.9412999749183655,
    0.9394999742507935,
    0.9411999583244324,
    0.9393999576568604,
    0.9418999552726746,
    0.9406999945640564,
    0.9401999711990356,
    0.9384999871253967,
    0.9400999546051025,
    0.941100001335144,
    0.9396999478340149
  ],
  "all_times": [
    4.048967031955719,
    4.049856137990952,
    4.07246915602684,
    4.096189607381821,
    4.054594344854355,
    4.051378104448318,
    4.078181981801986,
    4.086347929477692,
    4.100859427690506,
    4.048249398231507,
    4.0770463981628415,
    4.104764850616455,
    4.097314742207527,
    4.094020377874374,
    4.094184664011001,
    4.121310039758683,
    4.084249820709229,
    4.0825144810676575,
    4.098586537599564,
    4.048100475072861,
    4.0816466978788375,
    4.052835000276565,
    4.0519128553867345,
    4.045363729476929,
    4.052217667341233,
    4.05076751613617,
    4.054815163850784,
    4.048378190994263,
    4.047561161518097,
    4.04666506934166,
    4.048176587581635,
    4.046162648677826,
    4.051816550016404,
    4.053141716718674,
    4.051158116340638,
    4.049749218702317,
    4.0988869614601136,
    4.046558814287186,
    4.044276197433471,
    4.091928658127785,
    4.050622047185898,
    4.078790915131569,
    4.093193199276924,
    4.048527706861496,
    4.080092931389808,
    4.098556230545044,
    4.103082195281983,
    4.04442313861847,
    4.053895286560059,
    4.079699188947678
  ],
  "all_results": "see results.pt",
  "hardware": {
    "gpu": "NVIDIA A100 80GB PCIe",
    "gpu_count": 1,
    "cuda_version": "12.8",
    "torch_version": "2.8.0+cu128",
    "hostname": "0b87a77aeea9",
    "runpod_instance": "y2q458j0ba3yfs"
  },
  "git": {
    "commit_hash": "00503f3592cee3ce32585b68ab2182b96fc687d5",
    "dirty": true
  },
  "seeds": [
    42,
    43,
    44,
    45,
    46,
    47,
    48,
    49,
    50,
    51,
    52,
    53,
    54,
    55,
    56,
    57,
    58,
    59,
    60,
    61,
    62,
    63,
    64,
    65,
    66,
    67,
    68,
    69,
    70,
    71,
    72,
    73,
    74,
    75,
    76,
    77,
    78,
    79,
    80,
    81,
    82,
    83,
    84,
    85,
    86,
    87,
    88,
    89,
    90,
    91
  ]
}