{
  "experiment_id": "Q4_trainable_epoch5_a31b9456",
  "experiment_name": "Q4_trainable_epoch5",
  "timestamp": "2025-12-08T22:15:58.039563",
  "config": {
    "whiten": {
      "trainable_after_epoch": 5,
      "trainable_lr_mult": 0.01
    }
  },
  "full_hyp": {
    "opt": {
      "train_epochs": 9.9,
      "batch_size": 1024,
      "lr": 11.5,
      "momentum": 0.85,
      "weight_decay": 0.0153,
      "bias_scaler": 64.0,
      "label_smoothing": 0.2,
      "whiten_bias_epochs": 3
    },
    "aug": {
      "flip": true,
      "translate": 2
    },
    "net": {
      "widths": {
        "block1": 64,
        "block2": 256,
        "block3": 256
      },
      "batchnorm_momentum": 0.6,
      "scaling_factor": 0.1111111111111111,
      "tta_level": 2
    },
    "alpha_schedule": {
      "coef": 0.95,
      "coef_exp": 5,
      "step_exp": 3
    },
    "whiten": {
      "kernel_size": 2,
      "width_multiplier": 2,
      "eps": 0.0005,
      "trainable_after_epoch": 5,
      "trainable_lr_mult": 0.01
    }
  },
  "num_runs": 50,
  "stats": {
    "accuracy": {
      "mean": 0.93709397315979,
      "std": 0.0012879973510280252,
      "min": 0.9334999918937683,
      "max": 0.9413999915122986,
      "median": 0.9369999766349792
    },
    "time": {
      "mean": 4.241253852844238,
      "std": 0.034869998693466187,
      "min": 4.206676006317139,
      "max": 4.299542427062988,
      "median": 4.21553897857666
    }
  },
  "all_accuracies": [
    0.9365999698638916,
    0.935699999332428,
    0.9388999938964844,
    0.9383999705314636,
    0.9382999539375305,
    0.9352999925613403,
    0.9357999563217163,
    0.9365999698638916,
    0.9383999705314636,
    0.9368999600410461,
    0.9363999962806702,
    0.9364999532699585,
    0.9386999607086182,
    0.9371999502182007,
    0.9384999871253967,
    0.9366999864578247,
    0.9383999705314636,
    0.9383999705314636,
    0.9371999502182007,
    0.9369999766349792,
    0.9363999962806702,
    0.9361000061035156,
    0.9366999864578247,
    0.9370999932289124,
    0.9361000061035156,
    0.9388999938964844,
    0.9375,
    0.9378999471664429,
    0.9368000030517578,
    0.9413999915122986,
    0.9334999918937683,
    0.9371999502182007,
    0.9357999563217163,
    0.9355999827384949,
    0.9355999827384949,
    0.9373999834060669,
    0.9370999932289124,
    0.9357999563217163,
    0.9369999766349792,
    0.9377999901771545,
    0.9355999827384949,
    0.9384999871253967,
    0.9375999569892883,
    0.9369999766349792,
    0.9355999827384949,
    0.9383999705314636,
    0.9375999569892883,
    0.9364999532699585,
    0.9378999471664429,
    0.9363999962806702
  ],
  "all_times": [
    4.214449891090393,
    4.210869364023209,
    4.2075168614387515,
    4.206676182031631,
    4.278629170417786,
    4.210338604211807,
    4.2897574234008795,
    4.271374022006989,
    4.213680204868317,
    4.209579138755799,
    4.215060812473297,
    4.213650805950165,
    4.216269823074341,
    4.207960595607759,
    4.207713031768798,
    4.216191112756729,
    4.212791209220886,
    4.291554916381836,
    4.211552530288696,
    4.278555896043778,
    4.286181587219238,
    4.2819951705932615,
    4.215246528744697,
    4.215272438287735,
    4.273079327106477,
    4.276940626621245,
    4.28464935362339,
    4.283890312194824,
    4.294916999816895,
    4.21489792561531,
    4.211555888891221,
    4.2085297245979305,
    4.2095434286594395,
    4.209246544837952,
    4.282628364562989,
    4.215090136647224,
    4.260089616537094,
    4.299542663574218,
    4.273430391550065,
    4.278782222270966,
    4.209504773736,
    4.215652483701706,
    4.274574327468873,
    4.211212983846664,
    4.27491782784462,
    4.2892840065956115,
    4.215112619638443,
    4.217411042451859,
    4.2155388512611385,
    4.279781410217285
  ],
  "all_results": "see results.pt",
  "hardware": {
    "gpu": "NVIDIA A100 80GB PCIe",
    "gpu_count": 1,
    "cuda_version": "12.8",
    "torch_version": "2.8.0+cu128",
    "hostname": "0b87a77aeea9",
    "runpod_instance": "y2q458j0ba3yfs"
  },
  "git": {
    "commit_hash": "00503f3592cee3ce32585b68ab2182b96fc687d5",
    "dirty": true
  },
  "seeds": [
    42,
    43,
    44,
    45,
    46,
    47,
    48,
    49,
    50,
    51,
    52,
    53,
    54,
    55,
    56,
    57,
    58,
    59,
    60,
    61,
    62,
    63,
    64,
    65,
    66,
    67,
    68,
    69,
    70,
    71,
    72,
    73,
    74,
    75,
    76,
    77,
    78,
    79,
    80,
    81,
    82,
    83,
    84,
    85,
    86,
    87,
    88,
    89,
    90,
    91
  ]
}