{
  "experiment_id": "Q3_eps_1e-3_02d84080",
  "experiment_name": "Q3_eps_1e-3",
  "timestamp": "2025-12-07T19:36:57.626523",
  "config": {
    "whiten": {
      "eps": 0.001
    }
  },
  "full_hyp": {
    "opt": {
      "train_epochs": 9.9,
      "batch_size": 1024,
      "lr": 11.5,
      "momentum": 0.85,
      "weight_decay": 0.0153,
      "bias_scaler": 64.0,
      "label_smoothing": 0.2,
      "whiten_bias_epochs": 3
    },
    "aug": {
      "flip": true,
      "translate": 2
    },
    "net": {
      "widths": {
        "block1": 64,
        "block2": 256,
        "block3": 256
      },
      "batchnorm_momentum": 0.6,
      "scaling_factor": 0.1111111111111111,
      "tta_level": 2
    },
    "whiten": {
      "kernel_size": 2,
      "width_multiplier": 2,
      "eps": 0.001,
      "trainable_after_epoch": null,
      "trainable_lr_mult": 0.01
    }
  },
  "num_runs": 50,
  "stats": {
    "accuracy": {
      "mean": 0.9400720000267029,
      "std": 0.0015816593077033758,
      "min": 0.9359999895095825,
      "max": 0.9429999589920044,
      "median": 0.9400999546051025
    },
    "time": {
      "mean": 4.114538669586182,
      "std": 0.03487803041934967,
      "min": 4.041781902313232,
      "max": 4.141788482666016,
      "median": 4.130602836608887
    }
  },
  "all_accuracies": [
    0.9399999976158142,
    0.9405999779701233,
    0.9391999840736389,
    0.9413999915122986,
    0.9404999613761902,
    0.9389999508857727,
    0.9393999576568604,
    0.9418999552726746,
    0.9398999810218811,
    0.9399999976158142,
    0.9390999674797058,
    0.941100001335144,
    0.9409999847412109,
    0.939300000667572,
    0.9420999884605408,
    0.9420999884605408,
    0.9400999546051025,
    0.9384999871253967,
    0.9375,
    0.9409999847412109,
    0.9401999711990356,
    0.9411999583244324,
    0.9387999773025513,
    0.9393999576568604,
    0.9394999742507935,
    0.9402999877929688,
    0.9359999895095825,
    0.9422999620437622,
    0.9429999589920044,
    0.9375999569892883,
    0.9401999711990356,
    0.9389999508857727,
    0.9416999816894531,
    0.9404999613761902,
    0.9387999773025513,
    0.9404000043869019,
    0.9426999688148499,
    0.9371999502182007,
    0.9418999552726746,
    0.9426999688148499,
    0.9399999976158142,
    0.9396999478340149,
    0.9375,
    0.939799964427948,
    0.9400999546051025,
    0.9409999847412109,
    0.9384999871253967,
    0.9422000050544739,
    0.9402999877929688,
    0.9373999834060669
  ],
  "all_times": [
    4.136241943359376,
    4.041782080173493,
    4.130037437677383,
    4.138286117553712,
    4.050299400091171,
    4.138066375732421,
    4.133896978378297,
    4.137760955810547,
    4.125328083515168,
    4.138437889099121,
    4.128310903310775,
    4.045905663728713,
    4.12848231959343,
    4.042266162633897,
    4.127852087497711,
    4.1329161372184755,
    4.136164596557617,
    4.125747377634048,
    4.13213870382309,
    4.131334244251251,
    4.135589924335481,
    4.069795629024505,
    4.132556938171387,
    4.051410545110703,
    4.139127343177796,
    4.1370573282241825,
    4.139246099472046,
    4.141788314819335,
    4.128193529129029,
    4.135832596302032,
    4.126821344137191,
    4.131083636283876,
    4.132892416238785,
    4.050253291845321,
    4.046949337244033,
    4.141351383209228,
    4.126752179622651,
    4.130182517051697,
    4.069027888059617,
    4.045832711219788,
    4.13155738902092,
    4.128411431074142,
    4.123348968029022,
    4.131831469774246,
    4.128084803581238,
    4.131320683479309,
    4.130602936267852,
    4.042286930084228,
    4.135485572814941,
    4.13100939655304
  ],
  "all_results": "see results.pt",
  "hardware": {
    "gpu": "NVIDIA A100 80GB PCIe",
    "cuda_version": "12.8",
    "torch_version": "2.8.0+cu128"
  }
}