{
  "experiment_id": "Q3_eps_1e-3_d9fdd1d2",
  "experiment_name": "Q3_eps_1e-3",
  "timestamp": "2025-12-08T22:00:36.400925",
  "config": {
    "whiten": {
      "eps": 0.001
    }
  },
  "full_hyp": {
    "opt": {
      "train_epochs": 9.9,
      "batch_size": 1024,
      "lr": 11.5,
      "momentum": 0.85,
      "weight_decay": 0.0153,
      "bias_scaler": 64.0,
      "label_smoothing": 0.2,
      "whiten_bias_epochs": 3
    },
    "aug": {
      "flip": true,
      "translate": 2
    },
    "net": {
      "widths": {
        "block1": 64,
        "block2": 256,
        "block3": 256
      },
      "batchnorm_momentum": 0.6,
      "scaling_factor": 0.1111111111111111,
      "tta_level": 2
    },
    "alpha_schedule": {
      "coef": 0.95,
      "coef_exp": 5,
      "step_exp": 3
    },
    "whiten": {
      "kernel_size": 2,
      "width_multiplier": 2,
      "eps": 0.001,
      "trainable_after_epoch": null,
      "trainable_lr_mult": 0.01
    }
  },
  "num_runs": 50,
  "stats": {
    "accuracy": {
      "mean": 0.9402099847793579,
      "std": 0.0013665446313098073,
      "min": 0.9370999932289124,
      "max": 0.9434999823570251,
      "median": 0.9399999976158142
    },
    "time": {
      "mean": 4.060450553894043,
      "std": 0.01788458786904812,
      "min": 4.039621829986572,
      "max": 4.094296932220459,
      "median": 4.0492753982543945
    }
  },
  "all_accuracies": [
    0.9418999552726746,
    0.9423999786376953,
    0.939799964427948,
    0.939300000667572,
    0.9409999847412109,
    0.9400999546051025,
    0.9391999840736389,
    0.9409999847412109,
    0.9404000043869019,
    0.9399999976158142,
    0.9377999901771545,
    0.9416999816894531,
    0.9401999711990356,
    0.9396999478340149,
    0.9411999583244324,
    0.9430999755859375,
    0.9416999816894531,
    0.9404999613761902,
    0.9412999749183655,
    0.9408999681472778,
    0.9386999607086182,
    0.9406999945640564,
    0.9370999932289124,
    0.9407999515533447,
    0.939300000667572,
    0.9434999823570251,
    0.9412999749183655,
    0.9409999847412109,
    0.939300000667572,
    0.9413999915122986,
    0.9383999705314636,
    0.9404999613761902,
    0.9394999742507935,
    0.9393999576568604,
    0.941100001335144,
    0.9386999607086182,
    0.9406999945640564,
    0.9387999773025513,
    0.9380999803543091,
    0.9396999478340149,
    0.9390999674797058,
    0.9422999620437622,
    0.9395999908447266,
    0.9395999908447266,
    0.9422999620437622,
    0.9387999773025513,
    0.9399999976158142,
    0.9391999840736389,
    0.9387999773025513,
    0.9395999908447266
  ],
  "all_times": [
    4.040426345348359,
    4.079077627182007,
    4.042284217119217,
    4.04828465461731,
    4.049787986516953,
    4.058572446823121,
    4.069475540161132,
    4.075184969902039,
    4.076552140712738,
    4.048673747062683,
    4.059931155562401,
    4.04910850262642,
    4.049118840217591,
    4.048630595922471,
    4.077873454570771,
    4.071566230177879,
    4.043452728033066,
    4.080369785547257,
    4.04393026137352,
    4.081428630828858,
    4.077588505029679,
    4.087136303901672,
    4.0942969592809675,
    4.040828663349151,
    4.069613648414612,
    4.043304284572602,
    4.046027735710144,
    4.041298679590225,
    4.039622011423112,
    4.04461371421814,
    4.045634544372558,
    4.041638920783997,
    4.048190974473954,
    4.041867152929306,
    4.090252098083496,
    4.075574836492539,
    4.084772350668906,
    4.083126502275467,
    4.091256416320801,
    4.0913784191608435,
    4.073518257141114,
    4.044717540025712,
    4.0802501296997065,
    4.049275567054749,
    4.058619499564171,
    4.040800177335739,
    4.045411848545075,
    4.042928045511245,
    4.048518544435501,
    4.0667158310413365
  ],
  "all_results": "see results.pt",
  "hardware": {
    "gpu": "NVIDIA A100 80GB PCIe",
    "gpu_count": 1,
    "cuda_version": "12.8",
    "torch_version": "2.8.0+cu128",
    "hostname": "0b87a77aeea9",
    "runpod_instance": "y2q458j0ba3yfs"
  },
  "git": {
    "commit_hash": "00503f3592cee3ce32585b68ab2182b96fc687d5",
    "dirty": true
  },
  "seeds": [
    42,
    43,
    44,
    45,
    46,
    47,
    48,
    49,
    50,
    51,
    52,
    53,
    54,
    55,
    56,
    57,
    58,
    59,
    60,
    61,
    62,
    63,
    64,
    65,
    66,
    67,
    68,
    69,
    70,
    71,
    72,
    73,
    74,
    75,
    76,
    77,
    78,
    79,
    80,
    81,
    82,
    83,
    84,
    85,
    86,
    87,
    88,
    89,
    90,
    91
  ]
}