{
  "experiment_id": "Q4_trainable_epoch3_lr0.1_bea4c44a",
  "experiment_name": "Q4_trainable_epoch3_lr0.1",
  "timestamp": "2025-12-08T22:19:52.468732",
  "config": {
    "whiten": {
      "trainable_after_epoch": 3,
      "trainable_lr_mult": 0.1
    }
  },
  "full_hyp": {
    "opt": {
      "train_epochs": 9.9,
      "batch_size": 1024,
      "lr": 11.5,
      "momentum": 0.85,
      "weight_decay": 0.0153,
      "bias_scaler": 64.0,
      "label_smoothing": 0.2,
      "whiten_bias_epochs": 3
    },
    "aug": {
      "flip": true,
      "translate": 2
    },
    "net": {
      "widths": {
        "block1": 64,
        "block2": 256,
        "block3": 256
      },
      "batchnorm_momentum": 0.6,
      "scaling_factor": 0.1111111111111111,
      "tta_level": 2
    },
    "alpha_schedule": {
      "coef": 0.95,
      "coef_exp": 5,
      "step_exp": 3
    },
    "whiten": {
      "kernel_size": 2,
      "width_multiplier": 2,
      "eps": 0.0005,
      "trainable_after_epoch": 3,
      "trainable_lr_mult": 0.1
    }
  },
  "num_runs": 50,
  "stats": {
    "accuracy": {
      "mean": 0.9299859404563904,
      "std": 0.004720818251371384,
      "min": 0.9170999526977539,
      "max": 0.935699999332428,
      "median": 0.9318999648094177
    },
    "time": {
      "mean": 4.287649154663086,
      "std": 0.014188364148139954,
      "min": 4.278318881988525,
      "max": 4.353820323944092,
      "median": 4.283820629119873
    }
  },
  "all_accuracies": [
    0.9299999475479126,
    0.9240999817848206,
    0.9325999617576599,
    0.935699999332428,
    0.9287999868392944,
    0.9170999526977539,
    0.9315999746322632,
    0.9210000038146973,
    0.9318999648094177,
    0.9262999892234802,
    0.9282999634742737,
    0.9309999942779541,
    0.9335999488830566,
    0.9215999841690063,
    0.9330999851226807,
    0.9335999488830566,
    0.932699978351593,
    0.9320999979972839,
    0.9340999722480774,
    0.9323999881744385,
    0.9264000058174133,
    0.927299976348877,
    0.927299976348877,
    0.9343000054359436,
    0.9203999638557434,
    0.9249999523162842,
    0.935699999332428,
    0.9340999722480774,
    0.929099977016449,
    0.9337999820709229,
    0.9353999495506287,
    0.9330999851226807,
    0.9323999881744385,
    0.934499979019165,
    0.9318999648094177,
    0.9319999814033508,
    0.9229999780654907,
    0.9346999526023865,
    0.9319999814033508,
    0.9309999942779541,
    0.9186999797821045,
    0.9265999794006348,
    0.9236999750137329,
    0.9334999918937683,
    0.9332999587059021,
    0.9296999573707581,
    0.930899977684021,
    0.930899977684021,
    0.9329999685287476,
    0.9339999556541443
  ],
  "all_times": [
    4.280045345067978,
    4.282072031021118,
    4.281241491317751,
    4.287591977119446,
    4.283269702672958,
    4.353820113658905,
    4.283416268587112,
    4.288467809915542,
    4.282287210464478,
    4.284400656938553,
    4.27831886267662,
    4.280645343780517,
    4.290935534000396,
    4.282910310029984,
    4.283820491552353,
    4.279060430526733,
    4.2842671973705295,
    4.299199104309082,
    4.2797973103523255,
    4.2881000032424925,
    4.27998345732689,
    4.288187228679656,
    4.29102674984932,
    4.28831174325943,
    4.291055104017257,
    4.29629564189911,
    4.2849764959812155,
    4.287508696317673,
    4.292633519887925,
    4.2877525509595875,
    4.285672174930573,
    4.291294600486755,
    4.284523540019989,
    4.294140891551971,
    4.2807050116062175,
    4.284036801576614,
    4.283061941623688,
    4.282812748908997,
    4.2829046165943145,
    4.2809903371334075,
    4.281965941905976,
    4.282043740272522,
    4.351249902486801,
    4.285039032697678,
    4.28251365017891,
    4.281564683198929,
    4.27902790570259,
    4.288277436733246,
    4.2798430025577545,
    4.279375520944595
  ],
  "all_results": "see results.pt",
  "hardware": {
    "gpu": "NVIDIA A100 80GB PCIe",
    "gpu_count": 1,
    "cuda_version": "12.8",
    "torch_version": "2.8.0+cu128",
    "hostname": "0b87a77aeea9",
    "runpod_instance": "y2q458j0ba3yfs"
  },
  "git": {
    "commit_hash": "00503f3592cee3ce32585b68ab2182b96fc687d5",
    "dirty": true
  },
  "seeds": [
    42,
    43,
    44,
    45,
    46,
    47,
    48,
    49,
    50,
    51,
    52,
    53,
    54,
    55,
    56,
    57,
    58,
    59,
    60,
    61,
    62,
    63,
    64,
    65,
    66,
    67,
    68,
    69,
    70,
    71,
    72,
    73,
    74,
    75,
    76,
    77,
    78,
    79,
    80,
    81,
    82,
    83,
    84,
    85,
    86,
    87,
    88,
    89,
    90,
    91
  ]
}