{
  "experiment_id": "baseline_ec2132ab",
  "experiment_name": "baseline",
  "timestamp": "2025-12-08T21:23:26.463225",
  "config": null,
  "full_hyp": {
    "opt": {
      "train_epochs": 9.9,
      "batch_size": 1024,
      "lr": 11.5,
      "momentum": 0.85,
      "weight_decay": 0.0153,
      "bias_scaler": 64.0,
      "label_smoothing": 0.2,
      "whiten_bias_epochs": 3
    },
    "aug": {
      "flip": true,
      "translate": 2
    },
    "net": {
      "widths": {
        "block1": 64,
        "block2": 256,
        "block3": 256
      },
      "batchnorm_momentum": 0.6,
      "scaling_factor": 0.1111111111111111,
      "tta_level": 2
    },
    "alpha_schedule": {
      "coef": 0.95,
      "coef_exp": 5,
      "step_exp": 3
    },
    "whiten": {
      "kernel_size": 2,
      "width_multiplier": 2,
      "eps": 0.0005,
      "trainable_after_epoch": null,
      "trainable_lr_mult": 0.01
    }
  },
  "num_runs": 100,
  "stats": {
    "accuracy": {
      "mean": 0.9403139352798462,
      "std": 0.0011615926632657647,
      "min": 0.9369999766349792,
      "max": 0.9432999491691589,
      "median": 0.9400999546051025
    },
    "time": {
      "mean": 4.126598834991455,
      "std": 0.649457573890686,
      "min": 3.927288055419922,
      "max": 10.231400489807129,
      "median": 4.045626163482666
    }
  },
  "all_accuracies": [
    0.939300000667572,
    0.9401999711990356,
    0.941100001335144,
    0.9408999681472778,
    0.941100001335144,
    0.9389999508857727,
    0.9391999840736389,
    0.9387999773025513,
    0.9417999982833862,
    0.9389999508857727,
    0.9409999847412109,
    0.9400999546051025,
    0.9406999945640564,
    0.9422000050544739,
    0.94159996509552,
    0.9395999908447266,
    0.939300000667572,
    0.9416999816894531,
    0.9388999938964844,
    0.941100001335144,
    0.9419999718666077,
    0.939300000667572,
    0.9404000043869019,
    0.9401999711990356,
    0.9383999705314636,
    0.9398999810218811,
    0.9399999976158142,
    0.9404999613761902,
    0.9388999938964844,
    0.9425999522209167,
    0.9382999539375305,
    0.9394999742507935,
    0.9411999583244324,
    0.9393999576568604,
    0.9396999478340149,
    0.9396999478340149,
    0.9400999546051025,
    0.9388999938964844,
    0.9369999766349792,
    0.9412999749183655,
    0.9394999742507935,
    0.9411999583244324,
    0.9393999576568604,
    0.9418999552726746,
    0.9406999945640564,
    0.9401999711990356,
    0.9384999871253967,
    0.9400999546051025,
    0.941100001335144,
    0.9396999478340149,
    0.9407999515533447,
    0.9400999546051025,
    0.9417999982833862,
    0.9402999877929688,
    0.9398999810218811,
    0.9409999847412109,
    0.937999963760376,
    0.9424999952316284,
    0.9393999576568604,
    0.9418999552726746,
    0.939799964427948,
    0.9419999718666077,
    0.9406999945640564,
    0.9406999945640564,
    0.9394999742507935,
    0.9400999546051025,
    0.9393999576568604,
    0.9402999877929688,
    0.9393999576568604,
    0.9381999969482422,
    0.9414999485015869,
    0.939799964427948,
    0.939799964427948,
    0.9396999478340149,
    0.939799964427948,
    0.9400999546051025,
    0.9402999877929688,
    0.9393999576568604,
    0.9406999945640564,
    0.9400999546051025,
    0.9412999749183655,
    0.9412999749183655,
    0.9389999508857727,
    0.9412999749183655,
    0.939799964427948,
    0.9391999840736389,
    0.9409999847412109,
    0.94159996509552,
    0.9425999522209167,
    0.9432999491691589,
    0.9404000043869019,
    0.9407999515533447,
    0.9413999915122986,
    0.9398999810218811,
    0.9422999620437622,
    0.9405999779701233,
    0.9425999522209167,
    0.9398999810218811,
    0.9396999478340149,
    0.9401999711990356
  ],
  "all_times": [
    10.231400787353515,
    3.9272880489826205,
    3.9341858150959013,
    3.9411523947715765,
    3.9965750963687903,
    3.951267818689346,
    3.960741320371628,
    3.9991544189453134,
    6.0473799285888665,
    4.050376091003418,
    3.979308525800705,
    3.9836718146800996,
    3.9928922019004824,
    3.9945437009334563,
    3.992482245922089,
    4.004207814216613,
    4.00893569946289,
    4.060057721138001,
    4.015205411672592,
    4.006777162194252,
    4.078358740329742,
    4.00794958782196,
    4.085165704488755,
    4.018322080850602,
    4.070105457305909,
    4.071553337097168,
    4.098864418029786,
    4.020066999912262,
    4.023501450896263,
    4.020618649721146,
    4.020811109781265,
    4.022927259445191,
    4.024639209985733,
    4.025920903682708,
    4.025289602279663,
    4.027555845975876,
    4.027644154548645,
    4.023948743104936,
    4.089512027740478,
    4.0264003708362575,
    4.031679525971413,
    4.032673782587051,
    4.031377137184144,
    4.035202939748764,
    4.035999921321869,
    4.074322734832764,
    4.037103789567947,
    4.038200750350953,
    4.077903881072999,
    4.0368480949401855,
    4.078335361003876,
    4.082989434480667,
    4.092744366168976,
    4.034368956804275,
    4.092318279266357,
    4.0831041462421425,
    4.091089919328689,
    4.0884624495506285,
    4.101810685396194,
    4.075756435394288,
    4.079860061645507,
    4.09338179397583,
    4.040735936403275,
    4.0902386469841,
    4.045087544202805,
    4.081617202281952,
    4.087080198049545,
    4.043927611827851,
    4.046892441511154,
    4.08032606291771,
    4.084967673301697,
    4.096093341827394,
    4.078227619171143,
    4.077283302307129,
    4.08725821685791,
    4.053059505701064,
    4.050961936235429,
    4.045879002809524,
    4.050046734571458,
    4.070576077461243,
    4.047705379009248,
    4.081085135221482,
    4.076944658279419,
    4.043386459112168,
    4.045642837047577,
    4.041583208799362,
    4.040898553609848,
    4.045169211387635,
    4.04307068991661,
    4.084558124542237,
    4.087753077030182,
    4.04675516986847,
    4.047119181632996,
    4.045626108646393,
    4.0394019126892085,
    4.079187775373458,
    4.04956111574173,
    4.069536837816238,
    4.077996398210526,
    4.044350596904754
  ],
  "all_results": "see results.pt",
  "hardware": {
    "gpu": "NVIDIA A100 80GB PCIe",
    "gpu_count": 1,
    "cuda_version": "12.8",
    "torch_version": "2.8.0+cu128",
    "hostname": "0b87a77aeea9",
    "runpod_instance": "y2q458j0ba3yfs"
  },
  "git": {
    "commit_hash": "00503f3592cee3ce32585b68ab2182b96fc687d5",
    "dirty": true
  },
  "seeds": [
    42,
    43,
    44,
    45,
    46,
    47,
    48,
    49,
    50,
    51,
    52,
    53,
    54,
    55,
    56,
    57,
    58,
    59,
    60,
    61,
    62,
    63,
    64,
    65,
    66,
    67,
    68,
    69,
    70,
    71,
    72,
    73,
    74,
    75,
    76,
    77,
    78,
    79,
    80,
    81,
    82,
    83,
    84,
    85,
    86,
    87,
    88,
    89,
    90,
    91,
    92,
    93,
    94,
    95,
    96,
    97,
    98,
    99,
    100,
    101,
    102,
    103,
    104,
    105,
    106,
    107,
    108,
    109,
    110,
    111,
    112,
    113,
    114,
    115,
    116,
    117,
    118,
    119,
    120,
    121,
    122,
    123,
    124,
    125,
    126,
    127,
    128,
    129,
    130,
    131,
    132,
    133,
    134,
    135,
    136,
    137,
    138,
    139,
    140,
    141
  ]
}