{
  "experiment_id": "Q4_trainable_epoch0_41a0ac9f",
  "experiment_name": "Q4_trainable_epoch0",
  "timestamp": "2025-12-08T22:08:06.397243",
  "config": {
    "whiten": {
      "trainable_after_epoch": 0,
      "trainable_lr_mult": 0.01
    }
  },
  "full_hyp": {
    "opt": {
      "train_epochs": 9.9,
      "batch_size": 1024,
      "lr": 11.5,
      "momentum": 0.85,
      "weight_decay": 0.0153,
      "bias_scaler": 64.0,
      "label_smoothing": 0.2,
      "whiten_bias_epochs": 3
    },
    "aug": {
      "flip": true,
      "translate": 2
    },
    "net": {
      "widths": {
        "block1": 64,
        "block2": 256,
        "block3": 256
      },
      "batchnorm_momentum": 0.6,
      "scaling_factor": 0.1111111111111111,
      "tta_level": 2
    },
    "alpha_schedule": {
      "coef": 0.95,
      "coef_exp": 5,
      "step_exp": 3
    },
    "whiten": {
      "kernel_size": 2,
      "width_multiplier": 2,
      "eps": 0.0005,
      "trainable_after_epoch": 0,
      "trainable_lr_mult": 0.01
    }
  },
  "num_runs": 50,
  "stats": {
    "accuracy": {
      "mean": 0.9207419753074646,
      "std": 0.007699357345700264,
      "min": 0.8947999477386475,
      "max": 0.9320999979972839,
      "median": 0.921999990940094
    },
    "time": {
      "mean": 4.3000569343566895,
      "std": 0.023387638852000237,
      "min": 4.284256458282471,
      "max": 4.377223968505859,
      "median": 4.29118537902832
    }
  },
  "all_accuracies": [
    0.921999990940094,
    0.9320999979972839,
    0.9229999780654907,
    0.9273999929428101,
    0.9275999665260315,
    0.926099956035614,
    0.921999990940094,
    0.9199999570846558,
    0.9154999852180481,
    0.9190999865531921,
    0.9232999682426453,
    0.9228000044822693,
    0.9301999807357788,
    0.9259999990463257,
    0.926099956035614,
    0.9160999655723572,
    0.9254999756813049,
    0.916700005531311,
    0.903499960899353,
    0.9232999682426453,
    0.9296999573707581,
    0.9102999567985535,
    0.9177999496459961,
    0.9205999970436096,
    0.9246000051498413,
    0.9297999739646912,
    0.9274999499320984,
    0.9196999669075012,
    0.917199969291687,
    0.9220999479293823,
    0.9103999733924866,
    0.9254999756813049,
    0.8947999477386475,
    0.9256999492645264,
    0.9250999689102173,
    0.9174999594688416,
    0.9281999468803406,
    0.9115999937057495,
    0.9178999662399292,
    0.9120999574661255,
    0.9197999835014343,
    0.9208999872207642,
    0.930899977684021,
    0.9149999618530273,
    0.9080999493598938,
    0.9230999946594238,
    0.9062999486923218,
    0.9286999702453613,
    0.9181999564170837,
    0.9296999573707581
  ],
  "all_times": [
    4.31142546248436,
    4.287608202457428,
    4.284256291866304,
    4.291921871185303,
    4.285987388610841,
    4.28527326965332,
    4.292950668811798,
    4.353804512739181,
    4.306580604553223,
    4.286335644245148,
    4.292538425207138,
    4.289178605794907,
    4.290552934169769,
    4.29076235795021,
    4.286498640537262,
    4.285292702436448,
    4.302449909210205,
    4.2939312326908095,
    4.287640625238418,
    4.295732601642609,
    4.2856288268566125,
    4.296267694234848,
    4.364232694864273,
    4.288952643990517,
    4.288329260349273,
    4.295003571748734,
    4.292637356758117,
    4.29125736784935,
    4.284890609502792,
    4.349016015291214,
    4.288332056760788,
    4.296235760450363,
    4.295321542978287,
    4.294193768739701,
    4.288201190948487,
    4.291024593591689,
    4.288139695882797,
    4.3772240540981295,
    4.308582557678223,
    4.29381652021408,
    4.2899744162559506,
    4.296195904731751,
    4.289660266160966,
    4.289686510562897,
    4.2892460463047035,
    4.363151748657226,
    4.29459061217308,
    4.287101791858673,
    4.354030089855194,
    4.291185357689857
  ],
  "all_results": "see results.pt",
  "hardware": {
    "gpu": "NVIDIA A100 80GB PCIe",
    "gpu_count": 1,
    "cuda_version": "12.8",
    "torch_version": "2.8.0+cu128",
    "hostname": "0b87a77aeea9",
    "runpod_instance": "y2q458j0ba3yfs"
  },
  "git": {
    "commit_hash": "00503f3592cee3ce32585b68ab2182b96fc687d5",
    "dirty": true
  },
  "seeds": [
    42,
    43,
    44,
    45,
    46,
    47,
    48,
    49,
    50,
    51,
    52,
    53,
    54,
    55,
    56,
    57,
    58,
    59,
    60,
    61,
    62,
    63,
    64,
    65,
    66,
    67,
    68,
    69,
    70,
    71,
    72,
    73,
    74,
    75,
    76,
    77,
    78,
    79,
    80,
    81,
    82,
    83,
    84,
    85,
    86,
    87,
    88,
    89,
    90,
    91
  ]
}