{
  "experiment_id": "Q1_kernel_3x3_37820c4f",
  "experiment_name": "Q1_kernel_3x3",
  "timestamp": "2025-12-07T18:44:07.812373",
  "config": {
    "whiten": {
      "kernel_size": 3
    }
  },
  "full_hyp": {
    "opt": {
      "train_epochs": 9.9,
      "batch_size": 1024,
      "lr": 11.5,
      "momentum": 0.85,
      "weight_decay": 0.0153,
      "bias_scaler": 64.0,
      "label_smoothing": 0.2,
      "whiten_bias_epochs": 3
    },
    "aug": {
      "flip": true,
      "translate": 2
    },
    "net": {
      "widths": {
        "block1": 64,
        "block2": 256,
        "block3": 256
      },
      "batchnorm_momentum": 0.6,
      "scaling_factor": 0.1111111111111111,
      "tta_level": 2
    },
    "whiten": {
      "kernel_size": 3,
      "width_multiplier": 2,
      "eps": 0.0005,
      "trainable_after_epoch": null,
      "trainable_lr_mult": 0.01
    }
  },
  "num_runs": 50,
  "stats": {
    "accuracy": {
      "mean": 0.9391539692878723,
      "std": 0.001130504533648491,
      "min": 0.9368000030517578,
      "max": 0.9420999884605408,
      "median": 0.9390999674797058
    },
    "time": {
      "mean": 5.299431324005127,
      "std": 1.034363031387329,
      "min": 5.068154811859131,
      "max": 12.464422225952148,
      "median": 5.16342306137085
    }
  },
  "all_accuracies": [
    0.9377999901771545,
    0.9407999515533447,
    0.9394999742507935,
    0.9402999877929688,
    0.9378999471664429,
    0.9409999847412109,
    0.9390999674797058,
    0.9398999810218811,
    0.9420999884605408,
    0.9375,
    0.9375,
    0.9390999674797058,
    0.9386000037193298,
    0.9382999539375305,
    0.9387999773025513,
    0.9411999583244324,
    0.9368000030517578,
    0.9382999539375305,
    0.9398999810218811,
    0.939799964427948,
    0.9387999773025513,
    0.9382999539375305,
    0.9386999607086182,
    0.9391999840736389,
    0.9400999546051025,
    0.939799964427948,
    0.9386000037193298,
    0.939300000667572,
    0.9386999607086182,
    0.9394999742507935,
    0.9372999668121338,
    0.9395999908447266,
    0.9386000037193298,
    0.9395999908447266,
    0.9407999515533447,
    0.9368999600410461,
    0.9391999840736389,
    0.9398999810218811,
    0.9388999938964844,
    0.9389999508857727,
    0.9402999877929688,
    0.9386999607086182,
    0.9408999681472778,
    0.9377999901771545,
    0.9389999508857727,
    0.9390999674797058,
    0.9396999478340149,
    0.9386999607086182,
    0.9401999711990356,
    0.9382999539375305
  ],
  "all_times": [
    12.46442191386223,
    5.144563932418824,
    5.153046025753023,
    5.162648818969727,
    5.156996198177338,
    5.16654379940033,
    5.15769730091095,
    5.159129840135575,
    5.068154972791672,
    5.152857320308685,
    5.154205220937729,
    5.07945534515381,
    5.1458637382984165,
    5.1668188095092775,
    5.156876977443695,
    5.175837683677673,
    5.166019233703612,
    5.165886057615279,
    5.080534430503845,
    5.1705492477417,
    5.161459512233734,
    5.166698392629623,
    5.170296234130859,
    5.166792684078217,
    5.16875276184082,
    5.161831793308258,
    5.0812179982662204,
    5.158785651683808,
    5.164153139352798,
    5.167230686903,
    5.172007011413575,
    5.174006599426269,
    5.164723418712616,
    5.167482913017272,
    5.165999000310898,
    5.172894382715226,
    5.163422945022583,
    5.172793342590332,
    5.077173369407653,
    5.159354906320572,
    5.16396328663826,
    5.1606003489494325,
    5.161244203805925,
    5.162304565429689,
    5.168176730871201,
    5.171863426208497,
    5.166777900695801,
    5.159735199689865,
    5.169009236574173,
    5.082722323894501
  ],
  "all_results": "see results.pt",
  "hardware": {
    "gpu": "NVIDIA A100 80GB PCIe",
    "cuda_version": "12.8",
    "torch_version": "2.8.0+cu128"
  }
}