{
  "experiment_id": "J_alpha_exp2_529571ce",
  "experiment_name": "J_alpha_exp2",
  "timestamp": "2025-12-08T22:28:03.442434",
  "config": {
    "lookahead": {
      "step_exp": 2
    }
  },
  "full_hyp": {
    "opt": {
      "train_epochs": 9.9,
      "batch_size": 1024,
      "lr": 11.5,
      "momentum": 0.85,
      "weight_decay": 0.0153,
      "bias_scaler": 64.0,
      "label_smoothing": 0.2,
      "whiten_bias_epochs": 3
    },
    "aug": {
      "flip": true,
      "translate": 2
    },
    "net": {
      "widths": {
        "block1": 64,
        "block2": 256,
        "block3": 256
      },
      "batchnorm_momentum": 0.6,
      "scaling_factor": 0.1111111111111111,
      "tta_level": 2
    },
    "alpha_schedule": {
      "coef": 0.95,
      "coef_exp": 5,
      "step_exp": 3
    },
    "whiten": {
      "kernel_size": 2,
      "width_multiplier": 2,
      "eps": 0.0005,
      "trainable_after_epoch": null,
      "trainable_lr_mult": 0.01
    },
    "lookahead": {
      "step_exp": 2
    }
  },
  "num_runs": 50,
  "stats": {
    "accuracy": {
      "mean": 0.940123975276947,
      "std": 0.0011730942642316222,
      "min": 0.9369999766349792,
      "max": 0.9425999522209167,
      "median": 0.9400999546051025
    },
    "time": {
      "mean": 4.064266681671143,
      "std": 0.021851997822523117,
      "min": 4.0438385009765625,
      "max": 4.1120429039001465,
      "median": 4.05019474029541
    }
  },
  "all_accuracies": [
    0.939300000667572,
    0.9401999711990356,
    0.941100001335144,
    0.9408999681472778,
    0.941100001335144,
    0.9389999508857727,
    0.9391999840736389,
    0.9387999773025513,
    0.9417999982833862,
    0.9389999508857727,
    0.9409999847412109,
    0.9400999546051025,
    0.9406999945640564,
    0.9422000050544739,
    0.94159996509552,
    0.9395999908447266,
    0.939300000667572,
    0.9416999816894531,
    0.9388999938964844,
    0.941100001335144,
    0.9419999718666077,
    0.939300000667572,
    0.9404000043869019,
    0.9401999711990356,
    0.9383999705314636,
    0.9398999810218811,
    0.9399999976158142,
    0.9404999613761902,
    0.9388999938964844,
    0.9425999522209167,
    0.9382999539375305,
    0.9394999742507935,
    0.9411999583244324,
    0.9393999576568604,
    0.9396999478340149,
    0.9396999478340149,
    0.9400999546051025,
    0.9388999938964844,
    0.9369999766349792,
    0.9412999749183655,
    0.9394999742507935,
    0.9411999583244324,
    0.9393999576568604,
    0.9418999552726746,
    0.9406999945640564,
    0.9401999711990356,
    0.9384999871253967,
    0.9400999546051025,
    0.941100001335144,
    0.9396999478340149
  ],
  "all_times": [
    4.048755579471589,
    4.051410488128662,
    4.048326448678971,
    4.047707539319991,
    4.090030540823937,
    4.087074192762374,
    4.102331657171249,
    4.094496118426323,
    4.046221798658371,
    4.048336790084839,
    4.050194676160813,
    4.049838348627089,
    4.051990458726883,
    4.0448413629531865,
    4.080693873643876,
    4.052852100849152,
    4.050103594779968,
    4.048769549369813,
    4.04552933049202,
    4.045057584762573,
    4.0791978418827055,
    4.1007761864662164,
    4.047947800874711,
    4.075948640346526,
    4.092910335421563,
    4.106206785202026,
    4.112043071746825,
    4.0456414241790775,
    4.048406105518341,
    4.0883912308216095,
    4.096316147685051,
    4.046554521799088,
    4.047425192117691,
    4.047749834537506,
    4.0464811465740205,
    4.051206314325333,
    4.043838552713395,
    4.081417316675187,
    4.048037571430206,
    4.064222300410271,
    4.047078228473664,
    4.051078701019287,
    4.048580127954484,
    4.0866431508064265,
    4.089409425497055,
    4.093817371726036,
    4.095847876191139,
    4.046651591300964,
    4.046716744422913,
    4.052221489906311
  ],
  "all_results": "see results.pt",
  "hardware": {
    "gpu": "NVIDIA A100 80GB PCIe",
    "gpu_count": 1,
    "cuda_version": "12.8",
    "torch_version": "2.8.0+cu128",
    "hostname": "0b87a77aeea9",
    "runpod_instance": "y2q458j0ba3yfs"
  },
  "git": {
    "commit_hash": "00503f3592cee3ce32585b68ab2182b96fc687d5",
    "dirty": true
  },
  "seeds": [
    42,
    43,
    44,
    45,
    46,
    47,
    48,
    49,
    50,
    51,
    52,
    53,
    54,
    55,
    56,
    57,
    58,
    59,
    60,
    61,
    62,
    63,
    64,
    65,
    66,
    67,
    68,
    69,
    70,
    71,
    72,
    73,
    74,
    75,
    76,
    77,
    78,
    79,
    80,
    81,
    82,
    83,
    84,
    85,
    86,
    87,
    88,
    89,
    90,
    91
  ]
}