{
  "experiment_id": "Q1_kernel_1x1_5e7b4452",
  "experiment_name": "Q1_kernel_1x1",
  "timestamp": "2025-12-07T18:38:34.077216",
  "config": {
    "whiten": {
      "kernel_size": 1
    }
  },
  "full_hyp": {
    "opt": {
      "train_epochs": 9.9,
      "batch_size": 1024,
      "lr": 11.5,
      "momentum": 0.85,
      "weight_decay": 0.0153,
      "bias_scaler": 64.0,
      "label_smoothing": 0.2,
      "whiten_bias_epochs": 3
    },
    "aug": {
      "flip": true,
      "translate": 2
    },
    "net": {
      "widths": {
        "block1": 64,
        "block2": 256,
        "block3": 256
      },
      "batchnorm_momentum": 0.6,
      "scaling_factor": 0.1111111111111111,
      "tta_level": 2
    },
    "whiten": {
      "kernel_size": 1,
      "width_multiplier": 2,
      "eps": 0.0005,
      "trainable_after_epoch": null,
      "trainable_lr_mult": 0.01
    }
  },
  "num_runs": 50,
  "stats": {
    "accuracy": {
      "mean": 0.9241619110107422,
      "std": 0.0016215244540944695,
      "min": 0.9204999804496765,
      "max": 0.9289999604225159,
      "median": 0.9239999651908875
    },
    "time": {
      "mean": 4.783827304840088,
      "std": 0.9500088691711426,
      "min": 4.542405128479004,
      "max": 11.361604690551758,
      "median": 4.669692516326904
    }
  },
  "all_accuracies": [
    0.9289999604225159,
    0.9240999817848206,
    0.9226999878883362,
    0.9251999855041504,
    0.9248999953269958,
    0.9235000014305115,
    0.9253000020980835,
    0.9238999485969543,
    0.9233999848365784,
    0.9204999804496765,
    0.9240999817848206,
    0.9236999750137329,
    0.925599992275238,
    0.9249999523162842,
    0.9238999485969543,
    0.9229999780654907,
    0.9253000020980835,
    0.9253000020980835,
    0.9238999485969543,
    0.9257999658584595,
    0.9239999651908875,
    0.9232999682426453,
    0.9244999885559082,
    0.9243999719619751,
    0.9222999811172485,
    0.9251999855041504,
    0.9249999523162842,
    0.9232999682426453,
    0.9243999719619751,
    0.9250999689102173,
    0.9228000044822693,
    0.9223999977111816,
    0.9236999750137329,
    0.9211999773979187,
    0.9258999824523926,
    0.9239999651908875,
    0.9251999855041504,
    0.9247999787330627,
    0.9217000007629395,
    0.9235999584197998,
    0.9238999485969543,
    0.9248999953269958,
    0.9251999855041504,
    0.9211999773979187,
    0.9228000044822693,
    0.9276999831199646,
    0.9210999608039856,
    0.9238999485969543,
    0.9266999959945679,
    0.9257999658584595
  ],
  "all_times": [
    11.36160464477539,
    4.593441791772843,
    4.603339057922364,
    4.611290642023087,
    4.600440712809563,
    4.626664029836655,
    4.5424051721096035,
    4.649744781494141,
    4.563577607631684,
    4.652448648929596,
    4.65153915643692,
    4.665721840500832,
    4.654620785236359,
    4.664276675462724,
    4.660366391658783,
    4.67156896185875,
    4.667791650891305,
    4.66931079339981,
    4.674985902547836,
    4.6691578946113586,
    4.59149833059311,
    4.670385057449341,
    4.6737339975833905,
    4.5872842817306525,
    4.5867169834375385,
    4.675875205993653,
    4.677282764673234,
    4.677560201168061,
    4.586001707434654,
    4.6802175173759455,
    4.669692449331285,
    4.673972327232361,
    4.680487633228301,
    4.68339302945137,
    4.683716144800186,
    4.673803467988968,
    4.669938556551933,
    4.676923876047135,
    4.590605195879936,
    4.685358730316162,
    4.608050410151481,
    4.681590065002442,
    4.679439131975174,
    4.675349091768265,
    4.67749865269661,
    4.680000027179719,
    4.680216069459915,
    4.680602035999298,
    4.68120226085186,
    4.598656692624092
  ],
  "all_results": "see results.pt",
  "hardware": {
    "gpu": "NVIDIA A100 80GB PCIe",
    "cuda_version": "12.8",
    "torch_version": "2.8.0+cu128"
  }
}