{
  "experiment_id": "Q2_width_1_890948b5",
  "experiment_name": "Q2_width_1",
  "timestamp": "2025-12-07T18:59:54.335071",
  "config": {
    "whiten": {
      "width_multiplier": 1
    }
  },
  "full_hyp": {
    "opt": {
      "train_epochs": 9.9,
      "batch_size": 1024,
      "lr": 11.5,
      "momentum": 0.85,
      "weight_decay": 0.0153,
      "bias_scaler": 64.0,
      "label_smoothing": 0.2,
      "whiten_bias_epochs": 3
    },
    "aug": {
      "flip": true,
      "translate": 2
    },
    "net": {
      "widths": {
        "block1": 64,
        "block2": 256,
        "block3": 256
      },
      "batchnorm_momentum": 0.6,
      "scaling_factor": 0.1111111111111111,
      "tta_level": 2
    },
    "whiten": {
      "kernel_size": 2,
      "width_multiplier": 1,
      "eps": 0.0005,
      "trainable_after_epoch": null,
      "trainable_lr_mult": 0.01
    }
  },
  "num_runs": 50,
  "stats": {
    "accuracy": {
      "mean": 0.936557948589325,
      "std": 0.0012093333061784506,
      "min": 0.9340999722480774,
      "max": 0.9394999742507935,
      "median": 0.9362999796867371
    },
    "time": {
      "mean": 4.250637531280518,
      "std": 1.35805082321167,
      "min": 3.9551401138305664,
      "max": 13.655435562133789,
      "median": 4.0847883224487305
    }
  },
  "all_accuracies": [
    0.9372999668121338,
    0.9371999502182007,
    0.9380999803543091,
    0.9378999471664429,
    0.9361000061035156,
    0.939300000667572,
    0.9353999495506287,
    0.9346999526023865,
    0.9363999962806702,
    0.9373999834060669,
    0.9373999834060669,
    0.9355999827384949,
    0.9352999925613403,
    0.9354999661445618,
    0.9369999766349792,
    0.9384999871253967,
    0.936199963092804,
    0.9394999742507935,
    0.935699999332428,
    0.9368999600410461,
    0.9357999563217163,
    0.9357999563217163,
    0.9362999796867371,
    0.9364999532699585,
    0.9361000061035156,
    0.9359999895095825,
    0.936199963092804,
    0.9352999925613403,
    0.9351999759674072,
    0.9353999495506287,
    0.935699999332428,
    0.9357999563217163,
    0.9340999722480774,
    0.9365999698638916,
    0.9361000061035156,
    0.9363999962806702,
    0.9381999969482422,
    0.9368999600410461,
    0.9380999803543091,
    0.9368999600410461,
    0.9377999901771545,
    0.9357999563217163,
    0.9387999773025513,
    0.9348999857902527,
    0.937999963760376,
    0.9362999796867371,
    0.9352999925613403,
    0.9378999471664429,
    0.9359999895095825,
    0.9362999796867371
  ],
  "all_times": [
    13.655435485839845,
    4.025665061950684,
    4.0311220257282265,
    3.95514006447792,
    3.961787029981613,
    3.9672752258777617,
    3.9720699691772463,
    4.063301417350769,
    3.9823270318508146,
    4.073916791677475,
    4.084016670227051,
    4.044982902288437,
    4.079961244821549,
    4.084788286685944,
    4.000054836034775,
    4.001012788772583,
    4.010007912397385,
    4.102733833312988,
    4.004113556861878,
    4.0085346095561984,
    4.095443254232407,
    4.096948395967483,
    4.101201561689377,
    4.013136607885361,
    4.098177111387252,
    4.095786488771439,
    4.098504794359207,
    4.093899799823761,
    4.096347245931625,
    4.0947636892795565,
    4.101370010375977,
    4.012643402338028,
    4.014227520227433,
    4.101257901906967,
    4.012407480239868,
    4.101466798067093,
    4.102112970113755,
    4.097504274129868,
    4.109096662521362,
    4.101890993118286,
    4.102243262529373,
    4.109001770019531,
    4.101737061977386,
    4.016887993812562,
    4.014722173929214,
    4.100395454645158,
    4.104079139709474,
    4.113295654296875,
    4.089633640050888,
    4.03342855143547
  ],
  "all_results": "see results.pt",
  "hardware": {
    "gpu": "NVIDIA A100 80GB PCIe",
    "cuda_version": "12.8",
    "torch_version": "2.8.0+cu128"
  }
}