{
  "experiment_id": "Q2_width_3_7a613c65",
  "experiment_name": "Q2_width_3",
  "timestamp": "2025-12-07T19:05:00.414171",
  "config": {
    "whiten": {
      "width_multiplier": 3
    }
  },
  "full_hyp": {
    "opt": {
      "train_epochs": 9.9,
      "batch_size": 1024,
      "lr": 11.5,
      "momentum": 0.85,
      "weight_decay": 0.0153,
      "bias_scaler": 64.0,
      "label_smoothing": 0.2,
      "whiten_bias_epochs": 3
    },
    "aug": {
      "flip": true,
      "translate": 2
    },
    "net": {
      "widths": {
        "block1": 64,
        "block2": 256,
        "block3": 256
      },
      "batchnorm_momentum": 0.6,
      "scaling_factor": 0.1111111111111111,
      "tta_level": 2
    },
    "whiten": {
      "kernel_size": 2,
      "width_multiplier": 3,
      "eps": 0.0005,
      "trainable_after_epoch": null,
      "trainable_lr_mult": 0.01
    }
  },
  "num_runs": 50,
  "stats": {
    "accuracy": {
      "mean": 0.9402999877929688,
      "std": 0.0012096504215151072,
      "min": 0.9376999735832214,
      "max": 0.9432999491691589,
      "median": 0.9402999877929688
    },
    "time": {
      "mean": 4.754134654998779,
      "std": 0.2589634358882904,
      "min": 4.634520530700684,
      "max": 6.544532775878906,
      "median": 4.7211012840271
    }
  },
  "all_accuracies": [
    0.9386000037193298,
    0.9417999982833862,
    0.9400999546051025,
    0.9411999583244324,
    0.9399999976158142,
    0.9398999810218811,
    0.9402999877929688,
    0.9409999847412109,
    0.9394999742507935,
    0.9384999871253967,
    0.9404000043869019,
    0.9395999908447266,
    0.9404000043869019,
    0.94159996509552,
    0.9409999847412109,
    0.9376999735832214,
    0.9414999485015869,
    0.9402999877929688,
    0.9425999522209167,
    0.9413999915122986,
    0.9407999515533447,
    0.9398999810218811,
    0.9426999688148499,
    0.939300000667572,
    0.9432999491691589,
    0.9376999735832214,
    0.9388999938964844,
    0.9399999976158142,
    0.9399999976158142,
    0.9390999674797058,
    0.9408999681472778,
    0.9396999478340149,
    0.9409999847412109,
    0.9391999840736389,
    0.9416999816894531,
    0.9408999681472778,
    0.9422999620437622,
    0.9396999478340149,
    0.9402999877929688,
    0.9386000037193298,
    0.939799964427948,
    0.9402999877929688,
    0.9396999478340149,
    0.9404000043869019,
    0.9399999976158142,
    0.9412999749183655,
    0.9406999945640564,
    0.939300000667572,
    0.941100001335144,
    0.9389999508857727
  ],
  "all_times": [
    6.544532600402833,
    4.711015858888627,
    4.637722960233688,
    4.7155647866725925,
    4.72102943110466,
    4.72110135269165,
    4.63452039718628,
    4.712837602615356,
    4.718850960254669,
    4.724689170837402,
    4.720910929918289,
    4.715994501829147,
    4.72193755698204,
    4.716626946210861,
    4.725236801147461,
    4.7210792646408075,
    4.7202518582344055,
    4.712923719644546,
    4.731053619384767,
    4.721854230165482,
    4.729796752929688,
    4.715689946413041,
    4.712279493570327,
    4.720710031270981,
    4.7228658976554865,
    4.730973930597306,
    4.7280064239501955,
    4.728573496580124,
    4.7214643416404725,
    4.720393342971802,
    4.721369653701783,
    4.724261567115784,
    4.721252291917801,
    4.717114244699479,
    4.725782891511916,
    4.728049806118012,
    4.718594947576523,
    4.716293372154236,
    4.724037472009659,
    4.722948341369628,
    4.714978837966918,
    4.712130133628845,
    4.721269743442535,
    4.723397249221801,
    4.723864514350891,
    4.731928537130356,
    4.716697821140289,
    4.721371880292892,
    4.722338729619979,
    4.718561248779297
  ],
  "all_results": "see results.pt",
  "hardware": {
    "gpu": "NVIDIA A100 80GB PCIe",
    "cuda_version": "12.8",
    "torch_version": "2.8.0+cu128"
  }
}