{
  "experiment_id": "Q3_eps_5e-5_2df2b9d6",
  "experiment_name": "Q3_eps_5e-5",
  "timestamp": "2025-12-07T19:26:57.056768",
  "config": {
    "whiten": {
      "eps": 5e-05
    }
  },
  "full_hyp": {
    "opt": {
      "train_epochs": 9.9,
      "batch_size": 1024,
      "lr": 11.5,
      "momentum": 0.85,
      "weight_decay": 0.0153,
      "bias_scaler": 64.0,
      "label_smoothing": 0.2,
      "whiten_bias_epochs": 3
    },
    "aug": {
      "flip": true,
      "translate": 2
    },
    "net": {
      "widths": {
        "block1": 64,
        "block2": 256,
        "block3": 256
      },
      "batchnorm_momentum": 0.6,
      "scaling_factor": 0.1111111111111111,
      "tta_level": 2
    },
    "whiten": {
      "kernel_size": 2,
      "width_multiplier": 2,
      "eps": 5e-05,
      "trainable_after_epoch": null,
      "trainable_lr_mult": 0.01
    }
  },
  "num_runs": 50,
  "stats": {
    "accuracy": {
      "mean": 0.940377950668335,
      "std": 0.0011252745753154159,
      "min": 0.9365999698638916,
      "max": 0.9424999952316284,
      "median": 0.9404999613761902
    },
    "time": {
      "mean": 4.280096054077148,
      "std": 1.1729071140289307,
      "min": 4.031875133514404,
      "max": 12.405543327331543,
      "median": 4.128861904144287
    }
  },
  "all_accuracies": [
    0.9401999711990356,
    0.9398999810218811,
    0.9398999810218811,
    0.9411999583244324,
    0.9365999698638916,
    0.9398999810218811,
    0.9405999779701233,
    0.9386000037193298,
    0.9418999552726746,
    0.9416999816894531,
    0.9381999969482422,
    0.9405999779701233,
    0.9396999478340149,
    0.939300000667572,
    0.9406999945640564,
    0.939799964427948,
    0.9391999840736389,
    0.9416999816894531,
    0.941100001335144,
    0.94159996509552,
    0.9422000050544739,
    0.9404999613761902,
    0.9402999877929688,
    0.9407999515533447,
    0.9400999546051025,
    0.9389999508857727,
    0.9408999681472778,
    0.9394999742507935,
    0.9422999620437622,
    0.9390999674797058,
    0.9409999847412109,
    0.9390999674797058,
    0.9407999515533447,
    0.9396999478340149,
    0.939799964427948,
    0.9404999613761902,
    0.9412999749183655,
    0.9408999681472778,
    0.9401999711990356,
    0.9407999515533447,
    0.9395999908447266,
    0.9396999478340149,
    0.9417999982833862,
    0.9393999576568604,
    0.9407999515533447,
    0.9402999877929688,
    0.941100001335144,
    0.9424999952316284,
    0.9409999847412109,
    0.9414999485015869
  ],
  "all_times": [
    12.405543502807621,
    4.0526179146766665,
    4.066999473333359,
    4.073694102048874,
    4.075887753486633,
    4.079468825340271,
    4.081762868881225,
    4.095753851413727,
    4.107443702697755,
    4.100149300098419,
    4.102600234985352,
    4.114244537353516,
    4.1165665476322175,
    4.11355791592598,
    4.121261843204499,
    4.031875027418137,
    4.111576856613159,
    4.11750129699707,
    4.130969184875489,
    4.131537824392319,
    4.128861850976944,
    4.039999926090241,
    4.130114073514939,
    4.13032162475586,
    4.128791568517684,
    4.124538448810578,
    4.138079536676408,
    4.136524467468262,
    4.12618081688881,
    4.1319719262123105,
    4.130836788415909,
    4.1388184967041015,
    4.136695022821426,
    4.052710807800293,
    4.131914196968079,
    4.133333379268646,
    4.1341984584331515,
    4.133150353908539,
    4.1336804285049435,
    4.132522742986679,
    4.138941551208496,
    4.1352525904178625,
    4.136168636083603,
    4.134588244438171,
    4.132081012964249,
    4.133899892091751,
    4.128572700977325,
    4.129747640132904,
    4.088373169660569,
    4.142906578063964
  ],
  "all_results": "see results.pt",
  "hardware": {
    "gpu": "NVIDIA A100 80GB PCIe",
    "cuda_version": "12.8",
    "torch_version": "2.8.0+cu128"
  }
}