{
  "experiment_id": "Q2_width_3_1fb6d8e5",
  "experiment_name": "Q2_width_3",
  "timestamp": "2025-12-08T21:48:48.269579",
  "config": {
    "whiten": {
      "width_multiplier": 3
    }
  },
  "full_hyp": {
    "opt": {
      "train_epochs": 9.9,
      "batch_size": 1024,
      "lr": 11.5,
      "momentum": 0.85,
      "weight_decay": 0.0153,
      "bias_scaler": 64.0,
      "label_smoothing": 0.2,
      "whiten_bias_epochs": 3
    },
    "aug": {
      "flip": true,
      "translate": 2
    },
    "net": {
      "widths": {
        "block1": 64,
        "block2": 256,
        "block3": 256
      },
      "batchnorm_momentum": 0.6,
      "scaling_factor": 0.1111111111111111,
      "tta_level": 2
    },
    "alpha_schedule": {
      "coef": 0.95,
      "coef_exp": 5,
      "step_exp": 3
    },
    "whiten": {
      "kernel_size": 2,
      "width_multiplier": 3,
      "eps": 0.0005,
      "trainable_after_epoch": null,
      "trainable_lr_mult": 0.01
    }
  },
  "num_runs": 50,
  "stats": {
    "accuracy": {
      "mean": 0.9400779604911804,
      "std": 0.0010784100741147995,
      "min": 0.9375,
      "max": 0.942799985408783,
      "median": 0.9400999546051025
    },
    "time": {
      "mean": 4.665149211883545,
      "std": 0.20744037628173828,
      "min": 4.618999481201172,
      "max": 6.094414234161377,
      "median": 4.628873348236084
    }
  },
  "all_accuracies": [
    0.9384999871253967,
    0.9404000043869019,
    0.9408999681472778,
    0.94159996509552,
    0.9398999810218811,
    0.9394999742507935,
    0.9399999976158142,
    0.9375,
    0.9409999847412109,
    0.9400999546051025,
    0.9396999478340149,
    0.9401999711990356,
    0.9409999847412109,
    0.9382999539375305,
    0.9391999840736389,
    0.9396999478340149,
    0.9411999583244324,
    0.9384999871253967,
    0.9395999908447266,
    0.9406999945640564,
    0.94159996509552,
    0.9401999711990356,
    0.9404999613761902,
    0.9399999976158142,
    0.9401999711990356,
    0.9396999478340149,
    0.9400999546051025,
    0.9396999478340149,
    0.9388999938964844,
    0.9401999711990356,
    0.9391999840736389,
    0.9405999779701233,
    0.9405999779701233,
    0.9414999485015869,
    0.9375,
    0.939799964427948,
    0.941100001335144,
    0.942799985408783,
    0.9402999877929688,
    0.9416999816894531,
    0.9409999847412109,
    0.9399999976158142,
    0.94159996509552,
    0.9394999742507935,
    0.9398999810218811,
    0.9401999711990356,
    0.9380999803543091,
    0.9407999515533447,
    0.939300000667572,
    0.939799964427948
  ],
  "all_times": [
    6.094414251804353,
    4.622999287366868,
    4.630547453880311,
    4.622269450664519,
    4.618999415397645,
    4.619491182804107,
    4.626247825384141,
    4.628158294677735,
    4.6302721784114835,
    4.630060361385345,
    4.690275235652923,
    4.6240574984550475,
    4.629782583475113,
    4.629596946477891,
    4.619816643953325,
    4.626934873580933,
    4.623834433317184,
    4.619910056591033,
    4.628337371826172,
    4.629699234724044,
    4.621579647541045,
    4.632061708450318,
    4.627343452692033,
    4.619324738264083,
    4.62395297074318,
    4.641773595094682,
    4.63621028327942,
    4.624925802469254,
    4.633223918199539,
    4.63605386042595,
    4.632524642705918,
    4.635069144248963,
    4.627821137189865,
    4.636232002973555,
    4.625615193128587,
    4.638216676950456,
    4.694089388132096,
    4.649531337261199,
    4.632824877977371,
    4.6970087823867805,
    4.625341391801833,
    4.628873284816741,
    4.710714736938477,
    4.638149574041367,
    4.6287068862915035,
    4.621592639923096,
    4.6274817306995395,
    4.634986833095551,
    4.628527867078781,
    4.701998872756958
  ],
  "all_results": "see results.pt",
  "hardware": {
    "gpu": "NVIDIA A100 80GB PCIe",
    "gpu_count": 1,
    "cuda_version": "12.8",
    "torch_version": "2.8.0+cu128",
    "hostname": "0b87a77aeea9",
    "runpod_instance": "y2q458j0ba3yfs"
  },
  "git": {
    "commit_hash": "00503f3592cee3ce32585b68ab2182b96fc687d5",
    "dirty": true
  },
  "seeds": [
    42,
    43,
    44,
    45,
    46,
    47,
    48,
    49,
    50,
    51,
    52,
    53,
    54,
    55,
    56,
    57,
    58,
    59,
    60,
    61,
    62,
    63,
    64,
    65,
    66,
    67,
    68,
    69,
    70,
    71,
    72,
    73,
    74,
    75,
    76,
    77,
    78,
    79,
    80,
    81,
    82,
    83,
    84,
    85,
    86,
    87,
    88,
    89,
    90,
    91
  ]
}